id,hate_feature
18532,wider audience
18532,run money
67896,unbiased volume
67896,lower roi
67896,costly roi
67896,saw roi
67896,week launching
67896,paid subscription
67896,deal lead
177131,additional feature
177131,feature linkedin
177131,linkedin integration
177131,nt evaluate
179859,feature mean
179859,mean flow
179859,slight hindrance
179888,least service
179888,integrated service
182325,integrate system
182325,passive detractor
182325,detractor comment
182325,comment doubt
182325,doubt help
182489,little product
182489,featurelight future
183103,hard anything
183103,simple explainer
183103,show value
183103,value functionality
183130,platform develops
184048,product ton
184048,ton reporting
184054,think anything
188630,moment product
188630,focus breathe
188630,air product
188638,ihas tailor
188638,working tailor
188638,made approach
188638,campaign something
188638,product market
188638,market product
188638,limited practice
188638,advisory practice
188638,practice organization
188638,way implement
188638,implement campaign
188638,bring client
188638,future client
188638,campaign execution
190023,found anything
199474,grow feedback
199474,feedback user
199954,newer product
199954,bit hand
199954,onboarded product
199954,saying support
201553,bad experience
202787,lack slack
202787,slack integration
202787,integration patrick
202787,integrated move
202787,product engineering
202787,engineering side
202787,seeing feature
276255,consider midmarket
276255,small granular
276255,made granular
277669,suck customer
277669,negative information
277669,information allows
277669,need work
277669,work order
280373,grid question
280373,question validity
280373,appear question
280373,market presence
280373,presence algorithm
280373,secret report
280373,think report
280373,usability ease
280373,ease setup
280373,larger vendor
288758,tool month
288758,month feeling
289187,le burden
289187,burden customer
289187,customer fill
296992,think anything
297223,work product
297223,product profile
297223,set site
297239,linkedin log
297239,hard work
297426,low volume
297426,working rep
297426,find solution
297426,solution help
297426,help increase
297426,increase volume
300311,thing think
300311,think improvement
300311,reliability adroll
300948,enough prominence
300948,prominence nt
300948,think charity
300948,charity donation
300948,think way
300948,seeing balance
300948,company moment
300948,single customer
300948,customer skew
300976,category result
300976,different product
300976,noncompetitive product
300976,product category
300976,make product
300976,hard compare
302708,grown pricing
302708,forecasting harder
302708,additional way
302708,generate lead
302708,lead system
302708,core solution
302708,solution offering
305790,setting product
305790,profile bit
305790,cumbersome page
305790,corporate page
305790,individual product
305790,entire portfolio
307360,seo penetration
307360,least generate
307360,category generate
307360,organic lead
309559,star rating
309559,rating nt
309559,used move
309559,drove traffic
309559,traffic site
320249,found anything
329787,nt see
329787,profile page
333833,system bit
333833,intuitive user
333833,cleaner user
333833,end user
333833,proponent copy
333833,take que
333833,que yelp
333833,tripadvisor term
333833,present company
333833,company category
333833,category list
333833,list view
333833,think guy
333833,respective category
333833,product category
333833,able rank
333833,category bit
333833,misleading end
333833,think end
333833,end user
333833,relying site
333931,question way
333931,ongoing feedback
333931,feedback customer
333931,allow feature
334128,stronger brand
334128,several colleague
334128,colleague b2b
334128,heard platform
334128,take bit
334128,gold standard
334309,dive bit
334309,deeper customer
334309,customer usage
334309,usage case
334309,sorting capability
334309,capability region
334309,region case
334965,common theme
334965,theme export
334965,excel csv
334965,csv doc
335954,future growth
336467,least program
336467,internal resource
336467,resource order
336467,order garner
336467,benefit platform
336467,believe pay
336467,pay term
336576,gain visibility
336576,visibility training
336576,utilize featurestools
336576,put place
336667,content marketing
336667,marketing program
336667,stage nt
336667,due ad
336667,ad design
336667,feature nt
336667,lead nt
336667,little nt
336667,confusing nt
336667,nt web
336667,web dev
336667,dev experience
336667,experience evaluation
336667,evaluation grid
336667,favor market
336667,market size
336667,nt work
336667,work enterprise
336667,enterprise business
336667,labeled market
336667,market leader
336667,portfolio comparison
336667,comparison report
336667,smaller startup
336718,solved iteration
336718,messaging etc
336726,customizability button
336726,button vendor
336726,vendor page
336726,working feedback
336856,lead lead
336856,embed feature
336856,limiting ability
336856,specific section
336856,testimonial embed
336870,outside idea
336870,basic idea
336870,limited suggestion
336870,suggestion seem
336870,spending money
336870,inbound lead
336870,lead activity
336870,nt experience
336870,specific product
337033,grid way
337033,ass market
337033,market presence
337119,customize qualification
337119,qualification question
337119,question anyone
337119,anyone request
337119,request demo
337501,nt element
337501,element profile
337501,profile page
337501,customizable example
337501,example watch
337501,watch demo
337501,demo button
337728,survey process
337902,crowd month
338568,little trouble
338568,establishing contact
338568,ongoing rep
338568,rep person
338568,set campaign
338568,helpful instruction
339183,open feedback
341360,variety product
341360,send customer
341360,different page
341360,page write
341641,company profile
342331,nt form
342331,form deal
342331,deal breaker
345131,lead report
345131,scoring report
345131,influenced volume
345742,nt basis
345742,portal basis
345742,regular basis
345742,make change
345742,select series
345742,website see
345742,brandfree r
345742,r feed
345742,publish website
345742,testimonial website
346659,lead feature
348994,account manager
348994,helpful feedback
348994,open feedback
348994,feedback bit
348994,pricey business
348994,small business
348994,business market
348994,market rate
351531,predefined page
351531,ups example
351531,example word
351531,word software
351531,software end
351531,end product
351531,product name
351531,name product
351531,product software
351531,software sentence
351531,software end
354532,impossible quantify
354532,least quantify
354532,hard quantify
354532,quantify roi
354532,roi track
354532,track demo
354532,demo request
354532,salesforce measure
354532,lie tofu
354532,tofu brand
354532,brand awareness
354532,viewing page
354532,page data
354532,data pageviews
354532,ip address
354532,spotty database
354532,database eg
354532,comcast llc
354532,viewed page
354532,refining data
354532,individual level
354532,lead level
354532,attribution value
354532,touch channel
366147,multiple category
366147,category technology
366147,technology meet
366147,multiple product
366147,product category
369501,improve way
369501,way video
369501,video reader
369501,grid format
369501,current format
370467,upgraded license
370467,license grid
370467,grid badge
370467,badge category
370467,unfortunately leader
370467,leader badge
370467,profile report
370467,report category
370467,category leader
370467,generated report
370467,category leader
370467,update badge
370467,badge profile
370467,profile whenas
370467,whenas company
370467,grid page
370467,profile page
370467,inaccurate category
370467,category description
370467,say leader
370467,include brand
370467,brand profile
371950,streamlined process
371950,daunting cumbersome
371950,see documentation
371950,practice report
371950,report spiff
371950,spiff response
372540,downside product
372540,product category
372540,category le
372540,others something
372540,looking forward
377146,offering thing
377146,api integration
377146,leverage search
377146,active search
377146,search data
377146,data push
377146,push sale
377146,sale team
377146,update part
377146,part beta
377146,beta program
377146,sfdc connector
377260,nt control
377260,control traffic
377260,traffic page
377260,page increase
378271,brand recognition
378271,recognition site
378271,potential recognition
380575,core platform
380575,basic team
380575,need team
380575,additional need
380649,made improvement
380649,improvement visitor
380649,prospect report
380649,report lead
380649,lead stats
380649,leader batch
380649,allow reflection
380649,profile reflection
380649,rid change
381519,bug side
381519,admin side
381519,side prevent
381519,crowd team
396580,report tony
396580,made everything
396580,everything breeze
415865,keen tool
415865,reporting tool
415865,hard key
415865,key word
415865,word search
415865,responsive company
415865,research team
419224,potentiall expertise
419224,expertise hook
419224,feature eg
419224,eg integrate
419224,integrate crm
457279,data help
457279,help support
457279,support competitor
457279,competitor comparison
457954,month complaint
474344,expand activity
474344,independent company
474344,stringent activity
474344,activity springcm
479059,visitor section
492019,happening platform
492019,make selfimplementation
492019,selfimplementation cumbersome
492019,cumbersome process
515733,lead generation
515733,crowd link
515733,weakest link
519906,possible download
519906,download customer
519906,paid product
519906,additional insight
519906,export option
527085,customized data
543274,information company
543274,compare solution
555826,frontend customization
555826,customization capability
555826,capability minor
559639,different charity
559639,charity option
559639,option client
559639,client choose
563097,take day
563097,made capterra
563097,capterra xero
572892,way block
572892,block analytics
572892,ip address
572892,address differentiate
572892,differentiate visitor
572892,visitor traffic
572892,traffic team
572892,team monitoring
572892,updating page
573859,option profile
573859,log ticket
573859,ticket support
573859,preferable respond
573859,personal linkedin
573859,profile comment
574606,user report
574606,report report
575567,permissioning option
575567,authorize member
575567,member management
575567,management support
575567,support team
575567,team respond
575567,giving access
575567,dashboard option
575567,option respond
575567,respond company
579793,take parameter
579793,clear waste
579793,narrow waste
579793,nt waste
604995,miss change
604995,saving change
604995,change show
604995,show update
610996,side navigation
610996,hard find
610996,based everything
613314,business goal
613314,goal drive
613314,drive traffic
613314,comparison tool
616298,platform lack
616298,lack multilanguage
616298,multilanguage support
616298,oriented software
616298,software market
616298,global activity
616298,writing something
616298,language hand
616298,credibility reputation
616298,reputation score
616298,table effords
616298,commuincating platform
616298,usa market
616298,usa software
616298,software consumer
616298,consumer efford
617139,feedback customer
617139,easier reward
617139,redeem reward
626776,onboarding setup
626776,setup simple
636315,manual integration
636315,think customer
636315,customer benefit
636315,benefit finer
636315,filtering criterion
636315,validation contact
636315,info generation
636315,lead generation
636315,offering instance
636315,last name
636315,name phone
636315,phone number
636315,incomplete lead
636315,missing lead
637248,crowd marketing
637248,marketing solution
637585,different category
637585,done traction
641705,defer marketing
641705,marketing director
641705,director sale
641705,sale customer
641731,everythingi nt
644918,platform week
645373,private help
645373,help company
645373,thank help
646011,user interface
646011,little issue
646011,cluttered issue
646011,seem issue
646011,visual hierarchy
646011,difficult report
646011,report offer
646011,shame chat
646011,minor chat
646011,chat option
646011,common bottom
646011,icon bottom
646011,several area
646011,area site
646011,make site
646011,site feel
646011,cluttered salesy
646011,user interface
647201,expensive startup
647201,startup buy
647201,used year
649497,comprehensive list
649497,list marketing
649497,marketing asset
649497,asset way
649497,way asset
649497,bigger customer
649497,library customer
649497,serve customer
658177,looking measure
658177,measure roi
659355,lead capture
659355,capture analytics
659355,detail example
659355,example category
659355,category listing
659355,generated view
663023,researching software
663023,company name
663023,name state
665413,trial click
665413,quality lead
673068,elicits interaction
673068,interaction view
673248,lack data
673248,data connector
673248,premium package
673248,limited evaluate
673248,evaluate customer
673248,customer journey
673248,journey salesforce
673248,crowd result
673248,evaluate roi
673248,roi goal
673248,goal platform
673248,platform recommend
673248,recommend development
673248,development consider
673248,introducing support
673248,support data
673248,data connector
673248,connector salesforce
673248,salesforce google
673248,google analytics
673248,adroll customization
673248,customization support
673248,support profile
673248,tailored client
673248,client need
674289,wanted move
674289,ass inform
674289,inform team
674289,team gather
674289,gather advice
674289,advice others
674289,others company
680490,onboarding process
680490,attention detail
680490,detail involvement
680490,team rarity
680490,larger organization
680490,organization today
682660,premium profile
682660,profile feature
689224,landing page
692878,email customer
692878,email notify
692878,notify customer
692878,earn gift
692878,gift card
692878,offered chance
692878,chance choose
692878,choose date
692878,date email
692878,day period
692878,period opinion
692878,space email
692878,customer option
692878,future send
692878,send email
692878,email disclaimer
692878,forgotdid nt
692878,nt realize
700634,cluttered space
700634,space overlistings
700634,overlistings product
705595,believe impedes
708085,nt someone
708085,intuitive someone
708085,answer question
713971,utilize abm
713971,abm functionality
713971,quadrant functionality
713971,serving offer
713971,profile proactive
713971,ie proactive
713971,based account
713971,account list
715566,platform team
716665,add experience
718100,default category
722725,profile system
728538,nt visibility
728538,visibility data
729104,granular data
729104,visiting category
729104,category navigation
729104,little backend
729104,confusing backend
729104,randomly menu
739332,looking area
739332,area potential
739332,potential concern
743188,meter invitation
747710,specific thing
747710,thing nt
748284,think vision
748284,vision roadmap
748284,broader value
748284,value guess
748284,difficult part
748284,part change
748284,change management
748284,management side
748284,side ie
748284,ie team
748284,feature information
748284,internal sale
748284,sale marketing
748284,marketing support
748284,support product
748284,product process
749930,annual revenue
753884,unsure money
753884,hoping see
756422,effectiveness service
756422,service area
756422,area profile
756422,profile service
766100,manual thing
766100,thing account
766100,mapping implementation
766100,intensive sale
766100,sale op
766100,andor end
766100,end user
766100,working way
766100,improve work
766100,work flow
766100,think playbook
780657,initial performance
780657,performance goal
780657,lead generation
780657,generation brand
780657,brand visibility
780657,visibility leader
780657,grid nt
780657,frankly nt
780657,lead placement
780657,annual contract
780657,see activity
780657,regular activity
780657,effectiveness intent
780657,intent program
780657,expensive justify
780657,difficult justify
780657,low cost
780657,cost acquisition
780657,needed roi
803810,additional work
803810,update integration
803810,api integration
803810,marketingdisplaysocial platform
807808,deal sale
807808,sale onboarding
807808,onboarding process
815404,used premium
815404,premium account
815404,feature question
846349,login process
846349,email login
846349,login account
862086,demandgen marketer
862086,lead goal
862086,hoping see
862086,nt doubt
862086,broader value
862086,value platform
862086,exposed visitor
862086,visitor data
862086,evidence role
862086,buying process
862086,assign value
862086,value roi
862086,focused environment
862086,established sale
862086,sale system
877046,nt self
877046,self service
877046,needed support
877046,support example
877046,example company
877046,company bio
877046,bio logo
877046,nt change
879317,provided marketshare
879317,raw user
879317,user data
884266,select owner
884266,owner product
884266,figured notification
884266,personal email
884266,email address
884266,linkedin account
884266,email account
898607,buyer intent
898607,money name
898607,name email
898607,email address
914854,event team
914854,team bit
914854,valid user
914854,user client
914854,client event
914854,event reason
914854,different function
946205,landing page
946205,configure order
946205,show customization
946205,customization option
946205,option ability
946205,see view
946205,view page
953874,service bit
953874,pricey side
990946,overall platform
990946,take thing
990946,practice customer
990946,team presence
990946,presence europe
990946,european marketing
990946,big plus
1093460,backend interface
1093460,little bit
1093460,intuitive possibility
1093460,possibility rule
1093460,based customer
1093460,customer intent
1093460,intent email
1108085,nt category
1108085,category research
1108085,research team
1108085,little bit
1198532,crowd experience
1210139,complaint product
1210139,product staff
1210139,staff service
1210139,prize quality
1210139,date day
1210139,day post
1210139,post account
1210139,nt wig
1210139,actual software
1210139,fake news
1210139,news fake
1210139,pokemon team
1210139,crowd catch
1239365,algorithm prioritize
1239365,recent nt
1239365,helpful nt
1239365,lengthy nt
1239365,context consideration
1239365,increase subscription
1239365,subscription price
1239365,price year
1239365,functionality tool
1239365,tool leverage
1239365,cost smbs
1252607,onboarded clarity
1252607,clarity pricing
1252607,pricing pricing
1252607,pricing talk
1252607,happen lends
1252607,beginning lends
1252607,lends confusion
1299532,long way
1305076,pushing account
1305076,automated advertising
1305076,advertising campaign
1305076,programmatic channel
1305076,done csv
1305076,csv file
1305076,solvable zapier
1305076,using zapier
1305076,see integration
1305076,eg outreachio
1322855,little traffic
1322855,australianz roi
1322855,seeing roi
1333787,feature cram
1333787,cram denying
1333787,big improvement
1333787,improvement tournew
1333787,tournew tool
1333787,tool guide
1333787,starting look
1333787,bring future
1368615,visitor traffic
1368615,traffic reading
1369667,platform interface
1369667,intuitive consumer
1369667,difficult consumer
1369667,switch consumer
1369667,consumer view
1369667,admin view
1419959,easier way
1419959,way buyer
1419959,buyer intent
1419959,intent data
1419959,data system
1419959,system salesforce
1419959,easier abm
1444638,interestlike tech
1444638,tech companyin
1444638,integrated platform
1444638,remain customer
1444638,communication call
1444638,set integration
1444638,end moment
1444638,deal breaker
1444638,small team
1444638,bootstrapped team
1444638,team need
1444638,need bit
1444638,bit consideration
1444638,platform team
1449362,working campaign
1452442,biggest hurtle
1452442,lead integration
1452442,data way
1452442,prior buying
1452442,key feature
1452442,pinged team
1452442,little therefore
1452442,turned experience
1452442,specific way
1452442,turn way
1452442,wanted wait
1452442,wait week
1452442,lead api
1452442,product advancement
1452442,product continue
1452442,existing value
1452442,update nt
1452442,charged demand
1452442,demand generation
1452442,lead generation
1452442,scoring anything
1452442,lead way
1452442,way leverage
1452442,leverage data
1452442,data value
1452442,value boat
1452442,boat load
1482242,deeper customization
1482242,customization work
1522203,growing company
1522203,finding way
1522203,core team
1522203,helping guide
1579720,meeting account
1579720,account manager
1579720,onboarding process
1595847,character requirement
1595847,requirement cost
1663299,day night
1666968,little staff
1666968,help staff
1666968,staff everything
1666968,everything fall
1666968,fall place
1666968,place complaint
1666968,lead management
1666968,management screen
1666968,nt work
1666968,work lead
1666968,possible solution
1666968,customize solution
1666968,little bit
1666968,bit suit
1666968,individual requirement
1683784,user interface
1683784,interface application
1683784,onboarding process
1691819,encountered anything
1706680,receive formfill
1709075,feature require
1709075,require plan
1709075,pricey startup
1728103,overall experience
1760009,customizable product
1760009,hard product
1760009,crowd customer
1760009,valuable show
1760163,score impact
1760163,total vendor
1793050,little pricey
1793050,compared competitor
1872588,little star
1872588,unclear star
1872588,star tenth
1872588,tenth star
1912208,found anything
1912208,crowd team
1912208,team product
1912208,product point
1912519,tool opportunity
1912519,offer customizations
1912519,future customization
1912519,customization option
1922126,negative develop
1922126,improve develop
1922126,develop implementation
1934479,lead traction
1934479,traction platform
1934479,big lead
1934479,platform hope
1934479,organic channel
1934479,cap amount
1934479,extra lead
1934479,close number
1934479,number begin
1950207,complaint tat
1950207,reply issue
1950207,issue bit
1953502,email notification
1960560,minor tech
1960560,tech hiccup
1960560,little patience
1960560,tier data
1960560,data content
1960560,content mystifying
1967866,helpful decrease
1967866,total number
1968850,found anything
1992901,initial email
1992901,due email
1992901,email issue
1992901,issue end
1992901,little end
2007693,limitation profile
2007693,profile data
2007693,platform team
2007693,help data
2014260,bug reference
2014260,reference sheet
2014260,sheet tool
2014260,talk realm
2032398,little price
2032398,center price
2032398,little price
2032398,clunky price
2032398,price performance
2032398,bit longterm
2032398,question longterm
2066294,buyer intent
2066294,intent notification
2066294,receive report
2077462,contact detail
2090914,include customer
2090914,customer name
2090914,name list
2090914,list customer
2090914,admin account
2134819,nt notice
2134819,notice everything
2158700,overall way
2158700,look market
2158700,market way
2158700,calculates market
2158700,market presence
2158700,grid report
2158700,report improvement
2158700,factor number
2158700,number employee
2158700,employee revenue
2158700,web presence
2158700,hundred product
2158700,advantage specialist
2158700,market company
2158700,microsoft market
2158700,market presence
2158700,presence sheer
2158700,sheer size
2158700,handful employee
2182313,landing page
2182313,response campaign
2188856,quadrant rating
2188856,based variety
2188856,variety factor
2264645,management perspective
2264645,aspect change
2264645,change flexibility
2264645,flexibility call
2264645,page product
2264645,trial feel
2264645,potential customer
2264645,customer offering
2277772,lead generation
2277772,generation result
2277772,low funnel
2277772,lead generation
2280568,enterprise tool
2280568,digest support
2280568,onboarding team
2289204,feature till
2289204,till account
2289204,account manager
2289204,reported issue
2289204,submission failure
2289204,submit button
2310756,nt tell
2310756,tell account
2310756,account manager
2310756,little thing
2310756,bit thing
2310756,expensive vendor
2324242,extracting information
2324242,information lead
2324242,lead company
2324242,nt expect
2366343,issue banner
2366343,banner badge
2366343,additional charge
2366343,charge integration
2366343,integration platform
2366343,platform hubspot
2366343,using platform
2506505,price point
2506505,tier prevents
2506505,upgrade prevents
2506505,steep prevents
2506505,making platform
2506505,export data
2506505,data profile
2717293,customer express
2717293,express frustration
2717293,likely error
2717293,due error
2717293,email verification
2717293,coach customer
2717293,additional step
2717293,drop list
2717293,customer unsure
2743218,platform functionality
2743218,limited package
2743218,depending package
2743218,purchased feature
2743218,standard operate
2743218,enhanced package
2743218,frustrating design
2743218,design program
2765243,site broader
2765243,broader marketing
2765243,marketing campaign
2765243,little competitor
2765243,clunkier competitor
2768965,actionable nt
2768965,visibility search
2768965,search result
2768965,callcontact center
2768965,customer prospect
2768965,prospect leverage
2768965,leverage buying
2768965,buying research
2769307,improving admin
2769307,room improvement
2769307,improvement regard
2769307,link event
2769307,event campaign
2788151,small business
2788151,business value
2813032,little hiccup
2813032,profile start
2879335,da minha
2879335,minha experincia
2879335,algoritmo priorizar
2879335,priorizar revise
2879335,revise que
2879335,nem mais
2879335,mais teis
2879335,teis porque
2879335,considerao contexto
2879335,contexto processo
2879335,para campanha
2879335,uma campanha
2879335,e canais
2879335,canais programticos
2879335,programticos feitos
2879335,feitos com
2879335,com arquivos
2879335,arquivos csv
2879335,csv ma
2879335,ma solucionvel
2879335,usando zapier
2879335,zapier como
2879335,como algum
2879335,algum sendo
2879335,sendo incorporado
2879335,incorporado pode
2879335,pode haver
2879335,haver mais
2879335,mais clareza
2879335,clareza com
2879335,com o
2879335,o preos
2879335,preos e
2879335,e que
2879335,que voc
2879335,voc ganha
2879335,ganha com
2879335,com esse
2879335,esse preo
2885687,due expectation
2885687,expectation sale
2885687,sale thr
2885687,thr reality
2885687,onboarding totlaly
2885687,effort resolve
2894468,number lead
2894468,improved translation
2909324,long anything
2909324,find anything
2909324,minor bug
2909324,bug data
2909324,sending rep
2922654,result question
2922654,question authenticity
2943511,expensive see
2943511,see return
2976624,csm way
2976624,way share
2976624,configurable ie
2976624,ie nt
2976624,website share
2976624,proof site
2982836,buyer intent
2982836,lead luck
2982836,nt luck
3015707,onboarding help
3064509,specific downside
3064509,energy resource
3064509,resource commit
3064509,thought process
3064509,committed process
3064509,process advise
3064509,advise team
3064509,team point
3064509,point person
3064509,person champion
3064509,champion organization
3132584,tasking process
3132584,legitimate verify
3132584,verify customer
3132726,validation process
3132726,process bit
3132726,prior validation
3132726,sharpen user
3132726,rejected error
3132726,error user
3132726,user validation
3132726,validated identity
3132726,email address
3132726,address validation
3133358,verification process
3133358,mysterious thing
3133358,stepped thing
3133358,answered question
3133358,found answer
3190452,improve salesforce
3190452,salesforce integration
3190452,efficient information
3218910,downside moment
3218910,create platform
3218910,platform tbd
3291426,negative platform
3291426,platform future
3351415,website need
3351415,ui need
3351415,upgrade need
3351415,easier need
3494481,bump term
3494481,term classify
3494481,classify company
3494481,set product
3494481,delayed thing
3520374,category category
3520374,several vendor
3520374,different offering
3520374,client show
3520374,show competitor
3554734,discover way
3554734,way tool
3554734,nonsoftware sale
3559841,leverage intent
3559841,intent data
3758942,individual profile
3758942,profile profile
3758942,expensive product
3758942,add product
3758942,product site
4094631,platform start
4094631,potential step
4094631,onboarding process
4094631,process followup
4094631,followup email
4095789,last year
4095789,year anything
4096348,long take
4096348,take fill
4101759,think navigation
4101759,admin platform
4101759,whiteboard product
4101759,product team
4104524,skeptical cost
4104524,upfront cost
4104524,cost marketing
4104524,plenty investment
4104524,return investment
4139195,little company
4139195,steep company
4139195,think pay
4141337,determine roi
4141337,investing platform
4141337,platform front
4141337,front team
4141337,comparable test
4141337,test data
4141337,data share
4143891,think clarity
4143891,algorithm determines
4143891,determines business
4143891,business category
4143891,category page
4143891,page clarity
4143891,ineligible case
4151698,boarding session
4168053,onboarding process
4168053,long contact
4168053,contact point
4168233,option gif
4168233,gif cover
4168233,cover picture
4178531,csm sale
4178531,sale team
4178531,team platform
4194616,think reverse
4194616,reverse ip
4194616,ip look
4194616,potential customer
4194616,customer buyer
4194616,buyer intent
4194616,nonlead program
4194616,generating program
4194616,program nt
4194616,select category
4194616,category brand
4194616,brand fall
4194616,fall nt
4194616,graph category
4194616,qualify buyer
4194616,buyer intent
4194616,intent data
4194982,market data
4194982,number category
4194982,category crossover
4194982,tangental productssolutions
4194982,productssolutions buyer
4194982,buyer intent
4194982,intent data
4194982,level detail
4194982,drop process
4208348,process user
4212266,extra integration
4212266,integration tool
4212266,pipedrive crm
4212266,deal breaker
4216528,think administration
4216528,administration site
4216528,nt heard
4216528,outline step
4216528,initial profile
4258458,couple product
4258458,product recommendation
4258458,usage platform
4258458,taken account
4262009,platform process
4262009,onboarding process
4262009,hard work
4343166,likenamed product
4343166,product sort
4343166,ran issue
4343166,issue automation
4343166,external marketing
4343166,linkedin site
4343166,site value
4343166,value product
4358025,platform nt
4360983,intent data
4360983,product tier
4360983,tier volume
4360983,low product
4360983,product page
4360983,level intent
4360983,justify investment
4360983,investment middle
4360983,middle tier
4366410,found place
4366410,place documentation
4366410,documentation feature
4366410,feature nt
4366410,look imagesexamples
4366410,dummy data
4374917,integrating salesforce
4374917,anticipated development
4374917,development team
4374917,step help
4374917,dealing permission
4374917,permission issue
4396413,capability bit
4396413,tackle everything
4396413,customer relationship
4396413,relationship manager
4396413,leveraging platform
4396413,platform offer
4426733,handling company
4426733,company page
4426733,page oorwin
4426733,moderation policy
4426733,stringent thought
4426733,thought effort
4426733,rejection rate
4443836,lead opportunity
4457650,cc purchase
4457650,purchase gift
4457650,gift card
4457650,roadmap heard
4469517,reporting need
4469517,need improvement
4469517,helpful roi
4469517,roi tool
4469517,salesforce map
4469517,map buyer
4469517,buyer intent
4469517,intent opportunity
4469517,buyer intent
4469517,opp lead
4469517,opp lead
4469517,lead gen
4469517,v influence
4469517,tool retool
4469517,measure impact
4469517,buyer intent
4469517,resource end
4469517,end configure
4469517,configure salesforce
4469517,sfdc connector
4469517,make pull
4469517,similar roi
4469517,roi reporting
4500906,buy option
4500906,option take
4500906,take advantage
4523204,market category
4523204,comparing apple
4523204,apple orange
4523204,grid cybersecurity
4523204,cybersecurity product
4523204,least security
4523204,step security
4523204,peer security
4523204,insight security
4523204,security category
4552188,transparency criterion
4552188,used rank
4552188,rank company
4552188,company rank
4552188,rank grid
4552188,obvious weight
4552188,weight attribute
4552188,attribute increase
4552188,increase decrease
4552188,decrease company
4552188,company position
4642852,integrate intent
4642852,intent data
4642852,data something
4642852,marketo instance
4644690,call point
4647006,using resource
4647006,resource page
4647035,marketing solution
4647035,solution date
4647035,date collaboration
4649676,product roadmap
4649676,roadmap transparency
4649676,transparency customer
4649676,customer feedback
4649676,feedback help
4649676,drive innovation
4649676,showcasing customer
4649676,customer shape
4650358,multiple profile
4650358,platform roll
4650358,prefer roll
4650358,disjointed way
4650358,way money
4652640,additional pricing
4652640,pricing option
4652640,varying level
4652640,level content
4652640,content licensing
4652640,licensing package
4652644,nt visibility
4652644,sort feedback
4652662,organization inability
4652662,sfdc connector
4652662,bad data
4652662,tough launch
4652666,helping issue
4652680,competitive perspective
4652680,perspective vendor
4652680,able rank
4652680,specific case
4652680,grid case
4652680,case vendor
4652680,create talk
4652680,dismiss talk
4652680,talk track
4652680,track seller
4652680,seller example
4652680,example competitor
4652680,competitor x
4652680,grid rule
4652680,specific rule
4652680,rule vendor
4652680,follow order
4652680,order rank
4652680,grid opinion
4652680,specific seller
4652717,nt consult
4652717,platform consult
4652717,consult distribute
4652905,marketing solution
4652905,difficult solution
4652905,solution business
4652905,account manager
4652905,manager csm
4652905,helpful process
4654750,profile package
4654750,package pricey
4654750,aligned business
4654750,nt engage
4654750,accountbased marketing
4654750,business intent
4654750,intent data
4654750,lead demand
4654750,demand generation
4654874,downside issue
4654874,make thing
4654874,put practice
4657844,paid feature
4657844,utilize plan
4657844,fullest team
4657844,potential team
4657844,c team
4657844,team eager
4657844,onboarding process
4657844,baby step
4657844,step roll
4657881,shared feedback
4657881,feedback improvement
4657881,see process
4657994,grid report
4657994,little term
4657994,selective term
4657994,term category
4657994,category segment
4657994,segment place
4657994,volume report
4657994,report badge
4657994,difficult hone
4657994,hone message
4657994,message leverage
4657994,leverage sale
4657994,sale team
4657994,key area
4658868,content license
4658868,category solution
4658868,solution fall
4658868,costprohibitive solution
4658868,solution fall
4659257,implement demand
4659257,smaller demand
4659257,demand gen
4659257,gen team
4659257,expanding effort
4659257,effort bit
4659257,difficult account
4659257,leaned account
4659257,account team
4659257,team help
4659257,nt thing
4659257,bad thing
4659257,room grow
4659651,difficult multifunction
4659651,multifunction team
4659651,team manage
4659807,nt complaint
4659807,valued partner
4660027,quarterly report
4660027,report methodology
4660027,additional detail
4660027,detail explanation
4660094,previous company
4660291,nt anything
4660291,add everything
4660580,portion audience
4660580,audience view
4660580,view information
4660580,information skepticism
4660580,ample information
4660815,leading saas
4660815,site view
4660815,necessary evil
4660815,need presence
4660815,money order
4660815,return number
4660815,bigger company
4660815,company customer
4660815,inherent advantage
4660815,advantage startup
4660815,growing company
4660815,account team
4660815,seems something
4660815,something couldshould
4660905,mind experience
4660905,marketing solution
4660905,solution team
4660905,informative helpful
4661548,terminus integration
4661548,integration complexity
4661548,complexity salesforce
4661548,salesforce integration
4662610,profile category
4662610,complex portfolio
4662610,embedded solution
4662812,different user
4662812,user type
4662812,type result
4662812,result company
4662812,company product
4662812,grid report
4662812,report bit
4662812,different case
4662812,internal adoption
4662812,adoption intent
4662812,intent data
4662812,data comparison
4662812,comparison page
4662812,data hand
4662812,simple leverage
4662812,leverage data
4662812,help customer
4662812,decision term
4662812,prospect focus
4662812,put nurture
4662812,nurture track
4663395,easier automate
4663395,using salesforce
4666860,intent data
4666860,marketing program
4666860,user level
4666860,level data
4666860,intent company
4666860,difficult data
4666860,put data
4666860,scalable program
4666992,amount report
4666992,report offer
4666992,dilutes validity
4666992,prospect sale
4666992,insight product
4667026,think anything
4667026,anything moment
4668614,email notification
4668614,nt send
4668614,send repetitive
4668614,repetitive alert
4668614,week company
4668614,nt miss
4668614,miss anything
4668614,personal information
4668614,nt person
4668614,insight person
4668614,little leverage
4668614,larger outreach
4668614,net outreach
4668614,initial outreach
4668614,outreach nt
4668614,thing customer
4668614,feel company
4668614,choose video
4668614,information nt
4668614,left customer
4668614,false claim
4668614,verified customer
4668614,customer make
4668614,tarnish brand
4668834,jump mind
4668834,mind moment
4668834,moment question
4668834,question concern
4668834,prompt helpful
4668834,helpful c
4668834,c team
4669024,actual contact
4669024,contact info
4669024,hard person
4669024,specific person
4669024,different location
4671079,content opportunity
4671079,fullest potential
4671454,dabbled couple
4675082,thing team
4675082,team effort
4675082,solid team
4675082,internal team
4675082,create movement
4675082,movement company
4677865,enough question
4677865,form lead
4700888,content license
4700888,category product
4700888,product meaning
4700888,different product
4700888,product type
4700888,type pay
4700888,group package
4700888,package company
4700888,multiple category
4700888,category making
4704116,advantage service
4704116,leveraged everything
4705629,leaderboard quadrant
4705629,big promotion
4705629,went customer
4705629,customer future
4705629,future buyer
4705629,buyer campaign
4705629,standing marketing
4705629,marketing manager
4705629,wrong employee
4705629,employee count
4705629,corrected employee
4705629,employee count
4705629,lowest spot
4705629,spot change
4705629,change number
4705629,number employee
4705629,nt clarity
4705629,provide clarity
4705629,larger company
4705629,company logic
4705629,ridiculous company
4705629,large mean
4705629,nt mean
4705629,specific product
4705629,smaller company
4705629,smaller company
4705629,solve mistake
4705629,mistake nt
4705629,found experience
4705629,disappointing borderline
4705629,dishonest hear
4705629,hopeful hear
4705629,discontinued promotion
4705629,promotion profile
4709094,current need
4715099,minor challenge
4715099,backendadmin side
4715099,support staff
4718346,difficult touch
4718346,spend money
4718346,touch product
4718346,slow product
4718346,updating product
4718346,product profile
4718346,worked update
4718346,update profile
4718346,sent update
4718346,update listing
4718346,single batch
4718346,batch backend
4718346,17th june
4718346,comparison trustradius
4718346,central nt
4718346,weekly work
4718346,work help
4718346,gave access
4718346,asleep wheel
4718346,wheel sale
4718346,sale team
4718346,responsive sale
4718346,sale experience
4718346,appalling substandard
4730641,future integration
4730641,data crm
4730641,company product
4817941,set filter
4817941,filter competitor
4817941,competitor andor
4817941,andor organization
4817941,organization activitysignals
4817941,filtering capability
4817941,platform side
4817941,recommend help
4817941,help noise
4934973,robust amount
4934973,moving part
4934973,part everything
4934973,everything set
5008260,minor issue
5027867,looking data
5073535,customize reference
5073535,reference page
5073535,campaign page
5073535,page bit
5073535,onbrand company
5073535,company versus
5284251,pricey let
5284251,see delivers
5306528,buyer intent
5306528,intent data
5306528,think everything
5367011,continuous evolution
5367011,evolution feature
5367011,leader customer
5367011,customer feedback
5367011,product research
5429101,update feature
5429101,improve see
5429101,insight intent
5429101,intent signal
5431886,skeptical market
5431886,market presence
5431886,quarterly report
6545242,easier customer
6545242,customer type
6545242,type information
6669429,pricing model
6669429,nt line
6669429,looking moment
6829459,shared team
6829459,team approach
6829459,involved helpful
6883064,nested place
6883064,hard navigate
6883064,navigate nt
6883064,regular basis
6883064,product category
6889183,position grid
7037491,internal admin
7037491,admin menu
7037491,little navigate
7037491,confusing navigate
7037491,navigate guess
7037491,place company
7037491,category nt
7037491,relate product
7037491,product maturity
7037491,ie number
7037491,number employee
7037491,employee company
7037491,impact product
7037491,product quality
7037491,nt product
7037491,product make
7058801,hidden instance
7058801,several instance
7058801,written client
7058801,reason case
7058801,product team
7058801,team market
7058801,market presence
7058801,algorithm bit
7058801,blurry position
7058801,influence position
7058801,questionnaire please
7058801,lightweight customer
7058801,difficult customer
7058801,customer page
7058801,page questionnaire
7058801,questionnaire order
7058801,qualified report
7058801,screenshot field
7058801,required field
7058801,optional client
7058801,client nt
7058801,add reason
7058801,reason reject
7058805,expensive service
7058805,service service
7058805,make value
7058805,value money
7058805,cheaper nt
7059389,think moment
7062945,navigational thing
7062945,improved bit
7062945,second thing
7062945,credit card
7062945,card receipt
7062945,receipt bit
7062945,buy buyer
7062945,buyer incentive
7062945,incentive credit
7062945,credit amazon
7062945,amazon rep
7062945,working fixing
7063369,substantial effort
7063369,demanding customer
7063493,monthly news
7063493,news reel
7063733,create report
7063733,report pull
7063733,daily comms
7063733,comms csm
7063905,working team
7063926,thing bit
7063926,hard find
7063941,admin confusing
7063941,portal confusing
7063941,take bit
7064218,pricing aleays
7064218,additional cost
7064409,beneficial version
7064409,visual version
7064409,content marketing
7064619,unaudited meaning
7064619,competitor nt
7064619,actual competitor
7064619,competitor mean
7064619,irrelevant consumer
7064619,logged product
7064619,product admin
7064619,tricky navigate
7064619,navigate nt
7064728,highlight issue
7064728,issue incentive
7064728,reimbursed customer
7064728,customer campain
7064728,small number
7064728,resolved team
7064784,pricing bit
7064784,steep data
7064784,intent data
7064784,data data
7064784,nt functionality
7064784,functionality platform
7064784,platform integration
7064817,backend navigate
7064817,little navigate
7064817,difficult navigate
7064817,found discovery
7064817,discovery call
7064817,little salesperson
7064817,underwhelming salesperson
7064817,planning campaign
7064817,tool take
7066989,quiet tool
7066989,nt buying
7066989,buying stage
7066989,stage company
7067047,rank solution
7067047,solution platform
7067047,exploiting system
7067096,specific badge
7067096,badge category
7067096,eg leader
7067096,leader multiple
7067096,multiple category
7068196,criterion bit
7068196,confusing grid
7068196,displayed grid
7068196,standing result
7069273,reliable platform
7069273,platform customer
7072321,think shame
7072321,premium membership
7072321,membership price
7072321,steep company
7072321,smaller company
7072321,benefit marketing
7072321,marketing tool
7072338,find service
7072338,expensive business
7072338,small business
7072338,confusing search
7072338,search thing
7072610,encourage client
7072610,client team
7072610,involved mission
7072610,impacted employee
7072610,employee company
7072610,valueadded job
7072685,beginning bit
7072685,included plan
7072685,unfamiliar name
7072685,name platform
7072685,platform feature
7072685,disadvantage manager
7072685,recommend level
7072685,pro level
7072685,invest bit
7072685,admin panel
7072879,developing project
7072879,project everyone
7072879,responsive doubt
7072879,side doubt
7072879,doubt leverage
7072879,leverage presence
7072879,demonstrate value
7072879,value profit
7073088,minor tweak
7073088,ui tweak
7073088,subjective nt
7073088,nt anything
7073088,bit trial
7073088,license upgrade
7073246,matter fr
7073246,e customer
7073246,think work
7073246,badge position
7073246,position grid
7073246,uki customer
7073313,platform gathering
7073313,strict process
7073313,longer share
7073313,user share
7073313,share feedback
7074644,random page
7074644,created product
7074644,unadopted customer
7074644,whicht impact
7074644,impact search
7074644,search result
7074664,believe price
7074664,price report
7074664,expensive subscription
7074680,little uncertainty
7074680,uncertainty report
7074680,display head
7074680,head comms
7074680,comms deadline
7074680,deadline helpful
7074781,browsed competitor
7074781,actual buyer
7074942,serious trouble
7074942,running campaign
7074955,expected project
7074955,investing project
7074955,project crosscompany
7074955,crosscompany effort
7074955,want invest
7074955,started system
7074955,system work
7075152,expanding way
7075152,collect leverage
7075421,paid plan
7075421,little platform
7075421,pricey platform
7075437,run analysis
7075609,expensive value
7075609,value insane
7075907,dedicated csm
7075907,returned clarification
7076101,le moment
7076443,different language
7076486,form fill
7076762,taxing create
7076762,create maintain
7076762,limited resource
7078535,connect buyer
7078535,intent slack
7078535,signal slack
7078880,expensive company
7078880,smaller company
7079149,customize page
7079149,describe process
7079149,process bit
7079149,bit person
7079155,customize page
7079155,page information
7079267,backend quirk
7079267,ui quirk
7079267,list way
7079267,scrolling way
7079267,expect button
7079715,company profile
7079715,profile page
7079715,little bug
7079715,customizable bug
7079715,bug fan
7079715,fan discussion
7079715,discussion section
7079715,section nto
7079715,allowed curate
7079715,curate faq
7079902,specific info
7079902,serious info
7079902,extra info
7080431,price increase
7080431,increase renewal
7080431,difficult customer
7080431,due customer
7080431,regular pushback
7080431,pushback customer
7080431,due length
7080431,requirement length
7080431,length questionnaire
7080431,screenshot aspect
7080431,shame badge
7080431,awarded software
7080431,software provider
7080431,alongside provider
7080431,provider profile
7080431,profile software
7080431,category list
7080431,extra kudos
7080431,kudos profile
7081358,custom report
7081358,dashboard report
7081358,asking customer
7082855,customisation option
7082855,option help
7082855,keep onbrand
7082855,embedding website
7083067,sticking point
7083067,point customer
7083716,improved experience
7083716,upon experience
7083716,availability offering
7083716,based price
7083716,price point
7083716,point opinion
7083716,investment investment
7083716,believe access
7083716,access portion
7083716,portion tool
7083920,factor decision
7083920,premium offering
7083999,small glitch
7083999,glitch dashboard
7083999,account manager
7083999,nt help
7083999,think anything
7084247,place website
7084839,swap team
7084839,change account
7084839,account manager
7084839,overall end
7084839,tend end
7084839,account manager
7085804,website structure
7085804,little bit
7085865,technical challenge
7085865,integrationsrelated challenge
7085865,challenge require
7085865,require escalation
7085865,sync online
7085865,lack online
7085865,sufficient online
7085865,online documentation
7085865,practice andor
7085865,andor case
7085865,case study
7085865,specific case
7085865,involving hubspot
7085865,hubspot buyer
7085865,buyer intent
7085865,intent integration
7085983,see downside
7085983,platform result
7086011,unusable admin
7086011,mobile admin
7086011,logged admin
7086011,admin mode
7086145,trial buyer
7086145,buyer intent
7086145,intent tool
7086145,nt tool
7086145,beneficial tool
7086145,similar tool
7086161,metric overview
7086161,overview performance
7086161,performance category
7086161,view data
7086161,comparative report
7086161,buildyourown report
7086161,report feature
7086404,platform work
7086404,missing piece
7086404,affecting product
7086404,product performance
7086404,performance example
7086404,online presence
7086404,quarter etc
7086454,thing dont
7086454,dont link
7086454,link fact
7086454,fact chance
7086454,chance edit
7086454,edit question
7086454,user send
7086454,answer question
7086793,account manager
7086793,difficult build
7086793,build relationship
7086793,stable communication
7086793,current manager
7090019,find data
7090019,fro team
7090019,c team
7091664,anything tool
7091664,tool change
7091664,managementrelated issue
7091664,running support
7091704,longer moderation
7091704,past moderation
7091704,public platform
7091704,platform offer
7091704,marketing promotion
7091704,promotion opportunity
7091704,necessary level
7091704,level platform
7091704,define priority
7091704,additional resource
7091704,resource startup
7091704,startup size
7091704,size stage
7091704,stage team
7091704,team allocate
7091704,allocate platform
7091989,improve work
7091989,work system
7092306,see person
7092306,person role
7092306,role person
7092306,looking product
7092514,hard increase
7092514,increase usability
7092514,usability everything
7092514,everything platform
7092927,restriction content
7092927,related licensing
7094073,mind marketing
7094073,marketing solution
7094073,marketing material
7094073,material customer
7094073,customer express
7094073,thing guess
7094073,nt change
7094073,want change
7094503,algorithm change
7094503,grid change
7094503,ranking change
7094503,difficult track
7094503,keep track
7094503,track thing
7094503,thing perform
7094503,csm team
7094503,keeping date
7094503,change thing
7094503,ability control
7094503,control datanew
7094503,datanew account
7094503,account move
7094503,move hubspot
7094503,hubspot integration
7094503,current shape
7094503,shape integration
7094503,integration bit
7094620,nt mention
7094620,mention anything
7094620,team support
7094620,answer question
7094728,marketing solution
7094730,mind functionality
7095067,translate traffic
7095067,traffic company
7095067,company website
7095413,specific appreciate
7095413,integrability salescustomer
7095413,tech stack
7095413,stack connector
7095413,manual mapping
7095413,mapping contact
7095432,take age
7095432,age impatient
7097274,room context
7097274,context lead
7099064,market presence
7099064,emphasis number
7099064,number employee
7099064,employee company
7099064,quality product
7099064,product service
7099064,contrary company
7099064,small company
7099064,fewer employee
7099064,big company
7102303,paid version
7102303,enthusiasm company
7102303,company example
7102303,nt see
7102303,concerning intent
7102303,intent data
7102303,paid promotion
7102303,promotion ad
7102303,ad category
7102303,spot competitor
7102303,nt experience
7102303,nt traffic
7102644,intent data
7102644,irrelevant number
7102644,seems number
7102644,number issue
7102644,past month
7102644,several month
7102644,month dashboard
7102644,dashboard nt
7102644,nt work
7102644,inconsistent data
7102644,icpvertical data
7102644,provides data
7102644,irrelevant company
7102644,company cause
7102644,cause issue
7102644,abm strategy
7102644,customer successrelationship
7102644,successrelationship team
7102644,unhelpful platform
7102644,litle platform
7102644,promise issue
7102644,follow issue
7102644,relationship manager
7102916,moderated week
7103000,calculates market
7103000,market presence
7103000,scoring bit
7103000,blurry position
7103000,influence position
7103000,grid score
7103000,score position
7103000,grid day
7103000,vary day
7103000,day day
7103886,hard revenue
7103886,attribute revenue
7103886,revenue product
7103886,product company
7103886,believe make
7103886,make sense
7103886,holistic marketing
7103886,marketing approach
7105388,communicating delivers
7108353,tricky sense
7108353,larger organisation
7108353,benefit area
7108353,impact area
7108353,area business
7108353,reflected case
7108353,minimal presence
7115139,support team
7115139,slow respond
7115139,received response
7115139,response relationship
7115139,relationship manager
7115139,way something
7115139,actioned category
7115139,meet criterion
7115139,included report
7115139,missing benefit
7115164,way product
7115898,pricing pricy
7115898,pricy nt
7115898,lacking capacity
7118969,future project
7119054,clumsy product
7119054,ranking system
7119054,data date
7119054,date request
7119054,request update
7119054,specialist work
7119054,annoying robot
7119054,robot assistant
7119054,assistant vendor
7119054,vendor account
7119054,account pop
7123216,market presence
7123829,overall marketing
7123829,marketing presence
7123829,presence score
7124004,content result
7124004,result possibility
7124004,object decision
7124004,decision moderation
7124004,moderation team
7124004,transparent company
7124166,different service
7124166,refine category
7124716,lead generation
7124716,generation opportunity
7127190,start buyer
7127190,buyer intent
7127190,intent data
7127190,nonexistent part
7127190,big part
7127190,part lead
7127190,lead generation
7127190,generation strategy
7127190,strategy visibility
7127190,visibility visit
7127190,visit profile
7127190,server error
7127190,using site
7127190,daily customer
7127190,minimum help
7127190,resolve issue
7127589,upload screendump
7127589,order place
7127746,missing level
7127746,level experience
7127746,specific product
7127812,possibility list
7127812,list product
7127812,supported category
7132388,think value
7132388,value discussion
7132388,discussion section
7132388,section vendor
7132388,vendor perspective
7132388,category match
7132388,nt match
7132388,match software
7132388,tool category
7132388,category competitor
7132388,overlapping feature
7136979,paid package
7136979,costly europe
7136979,firm europe
7136979,central europe
7136979,usefulness feature
7138811,hard incentivize
7138811,difficult access
7138811,find bit
7145880,additional feature
7145880,nt comment
7145880,aspect clearer
7145880,ui clearer
7145880,clearer picky
7145951,guarantee product
7145951,product position
7146576,premium package
7146882,longer find
7146882,tricky find
7146882,anonymous customer
7146882,specific customer
7147074,vague reason
7147074,reason reconsideration
7147074,approval procesess
7147296,tracking link
7147296,link result
7147369,subject moment
7148208,capability demand
7148208,corresponding csm
7148208,longer comparison
7148208,comparison tool
7148208,eg campaign
7148208,campaign setup
7148208,charging account
7150345,way matter
7150345,matter grid
7150345,saas service
7150345,service leader
7150345,quadrant spot
7150345,spot challenge
7150345,saas service
7150345,service niche
7150345,niche product
7150345,product offering
7150345,offering service
7150345,service expertise
7150345,difficult maintain
7150345,maintain climb
7150345,user company
7150530,user interface
7150530,hard tab
7150530,hard report
7150530,click report
7150530,find report
7150530,opened day
7151560,unclear algorithm
7151560,algorithm market
7151560,market presence
7151560,category ranking
7151733,pricey startup
7151733,startup offering
7153589,complain everything
7153589,everything look
7153589,implementation til
7154141,currency future
7164670,small company
7164670,difficult emphasis
7164670,big emphasis
7164670,emphasis number
7164670,included report
7166899,account rep
7167020,nt customer
7167020,implemented customer
7167020,customer support
7167020,support team
7167021,difficult track
7167021,influence deal
7167021,deal data
7167021,helpful react
7167708,easier form
7167708,overall tool
7167737,way market
7167737,market presence
7167737,presence score
7167737,calculated work
7167737,work work
7167737,work work
7167737,value buyer
7167737,buyer intent
7167737,intent result
7167737,generic cost
7169142,online site
7169142,site ton
7169142,helpful information
7169142,information menu
7169142,menu navigation
7169142,navigation name
7169142,name submenu
7169142,easiest log
7169142,navigate log
7169142,take bit
7184476,hesitant share
7184797,layout structure
7184797,structure information
7184797,information admin
7184797,admin section
7184797,clarity quicker
7184797,quicker access
7185301,campaign gift
7185301,gift card
7185301,card bonus
7185301,nt work
7186446,overall tool
7186446,limitation information
7186446,pushed platform
7186446,platform hubspot
7186446,improvement work
7186453,qualified lead
7186453,profile nt
7186453,nt convert
7186990,spring mind
7187666,nt downside
7187666,using fraction
7187666,fraction tool
7187666,problem end
7187666,tool way
7187666,confusing way
7197276,business rank
7197276,rank catagories
7197276,match comparison
7197276,apple apple
7197276,apple skews
7197462,geobased see
7197462,filtering see
7197462,see service
7197462,service availability
7197462,location pricing
7197462,pricing conversion
7198406,nt something
7198406,specific criterion
7198406,regarding category
7198406,see competitor
7198406,category impact
7198406,impact analytics
7202115,take bit
7202115,utilize tool
7202115,tool team
7202206,think anything
7204896,think moment
7206440,set campaign
7207945,process datacontact
7207945,datacontact submission
7208348,negative allocation
7208348,allocation fund
7208348,fund landing
7208348,landing page
7208348,intuitive someone
7208348,miss fact
7208348,fact fund
7208357,admin panel
7208357,bug problem
7208357,remain month
7208547,month period
7208547,period partner
7208547,nt count
7208547,count report
7208547,report release
7208637,downside marketing
7208637,marketing solution
7208637,need create
7208637,create account
7208637,questionnaire bit
7208750,difficult pay
7208760,entire quarter
7208760,solution team
7208760,team support
7208760,stage building
7208760,plenty reason
7208760,continue building
7208760,building relationship
7209240,personal dashboard
7209240,ux nt
7209240,intuitive nt
7209240,learn navigate
7209545,workflow take
7209545,set client
7212456,intent data
7212456,category le
7212456,fewer visit
7212456,visit intent
7212456,intent data
7216281,bit pricy
7216281,lead gen
7216281,gen option
7216281,option need
7216383,think thing
7216383,tracking link
7216383,link team
7216383,team everything
7223916,helpful help
7223916,looking help
7225052,want way
7225052,way segment
7225052,segment data
7225052,data buyer
7225052,buyer intent
7225052,intent signalsnotifications
7225052,tag thing
7225052,thing b2b
7225052,b2b b2c
7225052,move segmenting
7225052,segmenting data
7230213,nt mention
7230213,mention anything
7230213,minor issue
7230213,ux issue
7230213,web dashboard
7230213,dashboard nt
7231459,see algorithm
7231459,grid report
7231459,market presence
7231459,happening market
7231459,data point
7231459,point report
7231613,tool ask
7242063,client bit
7242063,change way
7242063,ask question
7242863,short amount
7243072,paid campaign
7243072,depth insight
7243072,visiting page
7244261,impossible professional
7248049,fact data
7248049,small campaign
7248049,used campaign
7250291,nt anything
7250570,think anything
7250570,solid platform
7250570,platform round
7251300,moderated week
7252472,scope platform
7252472,nt information
7252472,mean information
7252472,different area
7252472,area platform
7255648,reducing frequency
7258203,expensive buyer
7258203,buyer intent
7258203,intent data
7261477,tie place
7261477,multiple place
7261477,place position
7261477,difficult create
7261477,create marketing
7261477,marketing strategy
7261546,business plan
7261546,plan price
7261546,price bit
7261546,complex customer
7261546,beginning customer
7261546,explaining follow
7261646,user interface
7261646,find thing
7261646,frontend backend
7261646,backend need
7261646,need improvement
7261693,transparency category
7261693,category helpful
7262262,invitation campaign
7262262,file customer
7262262,customer list
7262262,advance price
7262262,price content
7262262,content package
7262262,package bit
7262262,company need
7262558,inform customer
7262558,little fault
7262558,else fault
7262558,fault platform
7263429,profile page
7263429,page way
7263429,audience company
7263668,bit program
7263668,overhead program
7263668,running program
7263668,program profile
7263808,nt complaint
7263808,complaint mark
7263808,mark henry
7263808,helpful feature
7263808,grip feature
7263820,teething issue
7263820,hard track
7263820,track lead
7263820,buyer intent
7263820,indicative inmarket
7263820,inmarket opportunity
7263845,process end
7263845,end customer
7263845,customer submit
7263845,lengthy contract
7263845,offputting contract
7263845,side thing
7263845,complex benefit
7263845,need benefit
7264830,think functionality
7268013,mind service
7268236,want make
7268834,extract data
7268834,current plan
7268902,nt anything
7268902,platform thing
7268902,insight buyer
7268902,buyer intent
7268902,intent feature
7268902,extra cost
7269533,intent data
7269533,data zoominfo
7269533,requires package
7269608,make site
7274157,small improvement
7274157,admin site
7274157,nt challenge
7274157,saas company
7274761,buyer intent
7274761,intent data
7274761,data salesforce
7274761,salesforce integration
7274761,integration nt
7274761,nt work
7283030,option edit
7283030,edit information
7283030,information company
7283672,cant anything
7283672,think anything
7296379,user mention
7296379,mention name
7296379,send notification
7296379,improve prefer
7296379,prefer reach
7296379,plan case
7296379,mitigation plan
7296379,generate link
7296379,personal link
7296379,csm jatin
7296379,jatin chaudhari
7296379,scheduled report
7327661,deadline award
7327661,small medium
7327661,medium business
7327661,short amount
7333501,lose traction
7333501,traction competitor
7333501,nt ton
7333501,add ton
7333501,incremental value
7333501,value marketing
7333501,marketing activity
7441467,salesforce appexchange
7441640,nt anything
7441640,negative experience
7450059,nt insight
7450059,helpful insight
7450059,insight competition
7450826,provide bit
7450826,context extent
7450826,extent transparency
7451385,transparency thing
7451385,calculated everything
7451385,public thing
7451385,create strategy
7456035,le desire
7456035,desire game
7456035,game system
7456035,feel position
7456035,position grid
7456035,algorithm nt
7456035,representation market
7456035,market share
7456035,share perception
7456035,algorithm profile
7456035,potential profile
7456185,difficult buyer
7456185,buyer intent
7456185,intent data
7456185,data integration
7456185,running support
7456185,support team
7456185,walk question
7456185,question everything
7456185,responsive regard
7456185,customize campaign
7456185,campaign email
7456185,sending campaign
7456185,campaign end
7456185,global company
7456185,company difficulty
7456185,difficulty customer
7456185,trust site
7456185,site visibility
7483181,bug adminui
7771175,standardized process
7771175,process business
7771175,specific deal
7771175,deal size
7771175,size sale
7771175,sale cycle
7771175,internal capacity
7771175,capacity etc
7771382,based company
7771382,company base
7771382,individual base
7790878,portal page
7790878,little page
7790878,slow page
7790878,becaus page
7790878,graphical page
7790878,required design
7853817,expensive cost
7853817,believe cost
7853817,make sense
7880060,need support
7880060,receive solution
7929995,cover wider
7929995,wider range
7929995,range software
7929995,confuse feedback
7929995,decision trustworthy
7929995,trustworthy software
7940827,marketing solution
7940827,solution website
7940827,overall everything
7971836,correct solution
7971836,nt something
8101866,system rate
8101866,rate score
8101866,score nt
8101866,make sense
8101866,sense user
8101866,nt tell
8188707,platform allinone
8188707,allinone marketing
8188707,marketing solution
8188707,lesser downside
8188707,delete option
8188707,feasible selection
8225997,affordable pricing
8225997,pricing plan
8562297,negative mention
8562297,freedom discover
8562297,wide variety
8562297,variety product
8562297,informed decision
8574413,grid report
8574413,make bit
8574413,exclusive report
8574413,difficult report
8578291,imbed sale
8578291,sale process
8578792,ability integrate
8578792,integrate cam
8578792,cam intent
8578792,intent data
8579454,used brazil
8579454,brazil therefore
8579454,nt work
8638518,ranking buyer
8638518,buyer intent
8638518,intent integration
8638518,integration hubspot
8709447,inital amount
8709447,begin lakh
8709447,lakh rupee
8709447,small startup
8791821,extensive take
8791821,thing work
8791821,advantage feature
8791821,analytics bit
8791821,bit mystery
8808059,listing company
8808059,company category
8974453,setting bar
8974453,bar peer
8975098,badge report
8975292,rejected appeal
8975292,appeal process
8975292,process way
8975292,way company
8975333,moderation process
8975333,rejected process
8975333,lengthy annoying
8975333,overall annoying
8975344,janky write
8975344,write justify
8975344,justify category
8975344,explain category
8975344,nt category
8975344,underneath category
8975344,needed explain
8975344,explain longform
8975344,identified competitor
8975344,category monty
8975344,talking monty
8975344,recognize product
8975344,product category
8975344,provided page
8975344,unrelated market
8975344,market segment
8975344,nt access
8975344,structured database
8975344,database information
8975344,lack company
8975344,company category
8975344,initial traction
8975344,signed contract
8975344,someone nt
8975344,user brand
8975344,pageviews tell
8975344,tell folk
8975344,subscribed brand
8975344,brand push
8975344,updated information
8975344,passing interest
9004930,platform excels
9004930,identifying purchase
9004930,purchase intent
9004930,valuable decision
9004930,insight decision
9004930,strategic decision
9043231,responsive question
9043231,question concern
9078668,call feature
9078668,eg granularity
9078668,granularity slack
9078668,slack notification
9078668,essential slack
9078668,slack notification
9122785,sort question
9122785,question concern
9144447,functionality uncover
9144460,due structure
9144460,organizational structure
9144460,structure priority
9144460,content integration
9144460,paying subscription
9144460,subscription fee
9144460,challeging justify
9144460,justify expense
9144490,team spend
9144490,game changer
9144588,market presence
9144588,reporting need
9144588,intent audience
9144588,audience add
9144588,esential subscription
9144698,want promote
9144698,promote performance
9144698,difficult spend
9144698,additional spend
9144698,spend content
9144698,content subscription
9144746,productbased approach
9144746,pose challenge
9144746,challenge business
9144746,multiple product
9144746,product customer
9144746,overarching brand
9144746,specific product
9144746,individual product
9144750,different piece
9144750,piece manage
9144777,product ecosystem
9144777,experience limitation
9144777,multiple product
9144777,product page
9144777,depending subscription
9144777,category nt
9144777,product offer
9144777,poorly position
9144777,position company
9144777,ai product
9144777,product tool
9144777,tool emerge
9144777,keep pace
9144777,corresponding category
9144853,expensive access
9144853,hard measure
9144853,measure roi
9144919,grid report
9144919,paid content
9144919,content subscription
9145252,found disadvantage
9147709,challange grow
9147709,requires investment
9147709,presence platform
9148570,simpleness question
9148570,quality feedback
9148570,response customer
9148665,way capture
9148665,additonal lead
9148665,lead platform
9148665,ie ppc
9148665,ppc program
9149151,volume recency
9149151,emphasis quality
9149151,content marketing
9149151,marketing team
9149151,difficult marketer
9149151,strike balance
9149151,quality quantity
9149151,quantity respond
9149151,taking advantage
9149151,offer marketing
9149151,marketing team
9149151,team today
9149175,hard find
9149175,somewhere fall
9149175,short thing
9149175,marketing asset
9149175,asset vendor
9149175,portal html
9149175,embed code
9149175,jpeg reach
9149175,form reach
9149175,reach csm
9150722,put effort
9150722,effort result
9150803,program run
9151555,downside investment
9151555,ton value
9154233,compared platform
9154233,lead generation
9154233,generation campaign
9154843,control question
9155545,learn feature
9155545,feature utizile
9156674,suite profile
9156674,profile badge
9156674,grid promote
9159026,downside experience
9159026,competitor category
9159026,robust report
9159026,marketing piece
9160066,biggest concern
9160066,lead rate
9160066,converting rate
9160066,rate convert
9160066,convert pity
9160066,modulated strategy
9160066,strategy hope
9160066,hope trend
9160066,trend stay
9160299,enough granularity
9160299,signal ie
9160299,ie property
9160299,commercial property
9160299,property management
9160307,robust platform
9160324,approval process
9160324,process bit
9160324,rigid appreciate
9160324,appreciate ability
9160324,end peer
9160324,peer insight
9160324,insight platform
9162053,see company
9162053,company feature
9162053,position category
9162053,category league
9162053,table eg
9162053,portal eg
9162053,ranked company
9163770,le quality
9163770,quality authenticity
9167134,thing note
9167134,enough weight
9169312,integration capability
9169312,essential subscription
9169312,tier subscription
9171341,thing nt
9171341,lead nt
9171464,difficult badge
9171464,content badge
9171464,quarterly badge
9171464,update badge
9171464,biannual badge
9171464,badge release
9171464,release calendar
9171749,unfortunate bit
9171749,guite bit
9171749,bad actor
9171749,actor slip
9171749,ur experience
9171749,granted experience
9171749,bad actor
9171749,actor vendor
9171749,incentivized ask
9171769,current downside
9171769,downside admin
9171769,larger marketing
9171769,marketing team
9171769,smaller run
9171769,run issue
9171780,marketing solution
9171780,solution marketing
9171780,marketing technique
9171780,nt meet
9171780,meet goal
9172342,different incentive
9172342,incentive option
9172342,donation pubsec
9172342,finserv client
9172342,strict guideline
9172342,accepting gift
9175382,believe limitation
9175382,due privacy
9175382,privacy consideration
9175382,consideration contactlevel
9175382,preferable list
9175382,accountlevelcompany list
9175382,level buying
9175382,buying activity
9175382,activity intent
9175382,customize ie
9175382,ie x
9175382,x visit
9175382,x visit
9175382,least number
9175382,number product
9175382,profile category
9179611,productcompany presence
9179611,presence market
9181442,thing feel
9181442,helpful process
9181442,easier process
9181442,client nt
9181442,want sign
9181442,sign create
9181442,create account
9181442,account issue
9181554,organization campaign
9181554,le product
9181554,impactful product
9181554,nt category
9181554,defined category
9181554,difficult rise
9181554,rise noise
9181554,noise broader
9181554,broader category
9181559,taking advantage
9181846,marketing solution
9181846,pick category
9181846,category product
9181846,product fall
9182339,identified experience
9182339,marketing solution
9182540,le product
9182540,strict product
9182540,lighter side
9182540,side content
9182540,content perspective
9185072,recommend everyone
9187672,encountered anything
9194957,easier way
9194957,way export
9194957,csv question
9194957,question overview
9202903,stronger management
9202903,senior management
9202903,management leadership
9202903,leadership organization
9202903,organization capture
9202903,capture voice
9207335,biggest downside
9207335,nonsubscribed product
9207335,skews rating
9207335,annual option
9207335,biannual option
9207335,option vendor
9207335,vendor load
9207335,load fund
9207335,fund adhoc
9207335,collection campaign
9207335,vendor pay
9207335,entire subscription
9207335,sourcing campaign
9207335,nt quality
9207335,highest quality
9207335,simple middle
9207335,middle ground
9207335,ground intricateness
9207335,tech issue
9207335,vendor switching
9207335,portal switching
9207335,subscribed product
9207335,nonsubscribed product
9207335,subscribed product
9207335,subscribed product
9207335,product info
9207335,begin display
9207335,nonsubscribed product
9207335,refresh page
9207335,page navigate
9207335,subscribed product
9207335,view resume
9228440,deeper insight
9228440,competitive analysis
9228440,compring page
9228440,page rank
9232379,potential downside
9232379,downside cost
9232379,cost service
9232379,concern business
9232379,return investment
9232379,initial investment
9232595,nt something
9232595,find something
9237121,lead generation
9237121,generation option
9237121,heard colleague
9237137,hard navigate
9237137,expensive marketer
9237137,small business
9237137,business startup
9237137,product service
9237137,convert lead
9237137,paying customer
9237137,different expectation
9237137,competitive stand
9237137,software vendor
9237137,market solution
9237137,ranking rating
9237564,solution la
9237564,la carte
9237564,carte versus
9237564,tier gain
9237564,gain access
9237564,access solution
9239658,marketing solution
9246899,update creation
9246899,creation filter
9246899,filter data
9308289,american search
9308289,giant search
9308289,technical approach
9308289,harder user
9308289,le familiarity
9308289,familiarity business
9308289,business software
9460993,appreciate tool
9473115,nt mention
9473115,finish recommendation
9473115,tiny thing
9473115,little thing
9473115,change company
9473115,company description
9473651,paid software
9473651,ask question
9473651,make field
