id,hate_feature_phrases_filtered
18532,"['wider audience', 'run money']"
67896,"['unbiased volume', 'lower roi', 'costly roi', 'saw roi', 'week launching', 'paid subscription', 'deal lead']"
177131,"['additional feature', 'feature linkedin', 'linkedin integration', 'nt evaluate']"
179859,"['feature mean', 'mean flow', 'slight hindrance']"
179888,"['least service', 'integrated service']"
182325,"['integrate system', 'passive detractor', 'detractor comment', 'comment doubt', 'doubt help']"
182489,"['little product', 'featurelight future']"
183103,"['hard anything', 'simple explainer', 'show value', 'value functionality']"
183130,['platform develops']
184048,"['product ton', 'ton reporting']"
184054,['think anything']
188630,"['moment product', 'focus breathe', 'air product']"
188638,"['ihas tailor', 'working tailor', 'made approach', 'campaign something', 'product market', 'market product', 'limited practice', 'advisory practice', 'practice organization', 'way implement', 'implement campaign', 'bring client', 'future client', 'campaign execution']"
190023,['found anything']
199474,"['grow feedback', 'feedback user']"
199488,[]
199954,"['newer product', 'bit hand', 'onboarded product', 'saying support']"
201553,['bad experience']
202787,"['lack slack', 'slack integration', 'integration patrick', 'integrated move', 'product engineering', 'engineering side', 'seeing feature']"
276255,"['consider midmarket', 'small granular', 'made granular']"
277667,[]
277668,[]
277669,"['suck customer', 'negative information', 'information allows', 'need work', 'work order']"
280373,"['grid question', 'question validity', 'appear question', 'market presence', 'presence algorithm', 'secret report', 'think report', 'usability ease', 'ease setup', 'larger vendor']"
288758,"['tool month', 'month feeling']"
289187,"['le burden', 'burden customer', 'customer fill']"
293991,[]
296992,['think anything']
297223,"['work product', 'product profile', 'set site']"
297239,"['linkedin log', 'hard work']"
297426,"['low volume', 'working rep', 'find solution', 'solution help', 'help increase', 'increase volume']"
300311,"['thing think', 'think improvement', 'reliability adroll']"
300948,"['enough prominence', 'prominence nt', 'think charity', 'charity donation', 'think way', 'seeing balance', 'company moment', 'single customer', 'customer skew']"
300976,"['category result', 'different product', 'noncompetitive product', 'product category', 'make product', 'hard compare']"
302708,"['grown pricing', 'forecasting harder', 'additional way', 'generate lead', 'lead system', 'core solution', 'solution offering']"
305790,"['setting product', 'profile bit', 'cumbersome page', 'corporate page', 'individual product', 'entire portfolio']"
307360,"['seo penetration', 'least generate', 'category generate', 'organic lead']"
309559,"['star rating', 'rating nt', 'used move', 'drove traffic', 'traffic site']"
320249,['found anything']
329787,"['nt see', 'profile page']"
333833,"['system bit', 'intuitive user', 'cleaner user', 'end user', 'proponent copy', 'take que', 'que yelp', 'tripadvisor term', 'present company', 'company category', 'category list', 'list view', 'think guy', 'respective category', 'product category', 'able rank', 'category bit', 'misleading end', 'think end', 'end user', 'relying site']"
333931,"['question way', 'ongoing feedback', 'feedback customer', 'allow feature']"
334128,"['stronger brand', 'several colleague', 'colleague b2b', 'heard platform', 'take bit', 'gold standard']"
334309,"['dive bit', 'deeper customer', 'customer usage', 'usage case', 'sorting capability', 'capability region', 'region case']"
334965,"['common theme', 'theme export', 'excel csv', 'csv doc']"
335954,['future growth']
336467,"['least program', 'internal resource', 'resource order', 'order garner', 'benefit platform', 'believe pay', 'pay term']"
336576,"['gain visibility', 'visibility training', 'utilize featurestools', 'put place']"
336584,[]
336667,"['content marketing', 'marketing program', 'stage nt', 'due ad', 'ad design', 'feature nt', 'lead nt', 'little nt', 'confusing nt', 'nt web', 'web dev', 'dev experience', 'experience evaluation', 'evaluation grid', 'favor market', 'market size', 'nt work', 'work enterprise', 'enterprise business', 'labeled market', 'market leader', 'portfolio comparison', 'comparison report', 'smaller startup']"
336671,[]
336688,[]
336718,"['solved iteration', 'messaging etc']"
336726,"['customizability button', 'button vendor', 'vendor page', 'working feedback']"
336856,"['lead lead', 'embed feature', 'limiting ability', 'specific section', 'testimonial embed']"
336870,"['outside idea', 'basic idea', 'limited suggestion', 'suggestion seem', 'spending money', 'inbound lead', 'lead activity', 'nt experience', 'specific product']"
337033,"['grid way', 'ass market', 'market presence']"
337119,"['customize qualification', 'qualification question', 'question anyone', 'anyone request', 'request demo']"
337501,"['nt element', 'element profile', 'profile page', 'customizable example', 'example watch', 'watch demo', 'demo button']"
337728,['survey process']
337902,['crowd month']
338568,"['little trouble', 'establishing contact', 'ongoing rep', 'rep person', 'set campaign', 'helpful instruction']"
339183,['open feedback']
339591,[]
341360,"['variety product', 'send customer', 'different page', 'page write']"
341641,['company profile']
342331,"['nt form', 'form deal', 'deal breaker']"
345131,"['lead report', 'scoring report', 'influenced volume']"
345742,"['nt basis', 'portal basis', 'regular basis', 'make change', 'select series', 'website see', 'brandfree r', 'r feed', 'publish website', 'testimonial website']"
346659,['lead feature']
347110,[]
348994,"['account manager', 'helpful feedback', 'open feedback', 'feedback bit', 'pricey business', 'small business', 'business market', 'market rate']"
351531,"['predefined page', 'ups example', 'example word', 'word software', 'software end', 'end product', 'product name', 'name product', 'product software', 'software sentence', 'software end']"
354532,"['impossible quantify', 'least quantify', 'hard quantify', 'quantify roi', 'roi track', 'track demo', 'demo request', 'salesforce measure', 'lie tofu', 'tofu brand', 'brand awareness', 'viewing page', 'page data', 'data pageviews', 'ip address', 'spotty database', 'database eg', 'comcast llc', 'viewed page', 'refining data', 'individual level', 'lead level', 'attribution value', 'touch channel']"
366147,"['multiple category', 'category technology', 'technology meet', 'multiple product', 'product category']"
366910,[]
369501,"['improve way', 'way video', 'video reader', 'grid format', 'current format']"
370467,"['upgraded license', 'license grid', 'grid badge', 'badge category', 'unfortunately leader', 'leader badge', 'profile report', 'report category', 'category leader', 'generated report', 'category leader', 'update badge', 'badge profile', 'profile whenas', 'whenas company', 'grid page', 'profile page', 'inaccurate category', 'category description', 'say leader', 'include brand', 'brand profile']"
371950,"['streamlined process', 'daunting cumbersome', 'see documentation', 'practice report', 'report spiff', 'spiff response']"
372540,"['downside product', 'product category', 'category le', 'others something', 'looking forward']"
377146,"['offering thing', 'api integration', 'leverage search', 'active search', 'search data', 'data push', 'push sale', 'sale team', 'update part', 'part beta', 'beta program', 'sfdc connector']"
377260,"['nt control', 'control traffic', 'traffic page', 'page increase']"
378271,"['brand recognition', 'recognition site', 'potential recognition']"
380575,"['core platform', 'basic team', 'need team', 'additional need']"
380649,"['made improvement', 'improvement visitor', 'prospect report', 'report lead', 'lead stats', 'leader batch', 'allow reflection', 'profile reflection', 'rid change']"
381519,"['bug side', 'admin side', 'side prevent', 'crowd team']"
396580,"['report tony', 'made everything', 'everything breeze']"
415865,"['keen tool', 'reporting tool', 'hard key', 'key word', 'word search', 'responsive company', 'research team']"
419224,"['potentiall expertise', 'expertise hook', 'feature eg', 'eg integrate', 'integrate crm']"
455401,[]
457279,"['data help', 'help support', 'support competitor', 'competitor comparison']"
457954,['month complaint']
457971,[]
474344,"['expand activity', 'independent company', 'stringent activity', 'activity springcm']"
479059,['visitor section']
492019,"['happening platform', 'make selfimplementation', 'selfimplementation cumbersome', 'cumbersome process']"
515733,"['lead generation', 'crowd link', 'weakest link']"
519906,"['possible download', 'download customer', 'paid product', 'additional insight', 'export option']"
527085,['customized data']
534024,[]
543274,"['information company', 'compare solution']"
547329,[]
555826,"['frontend customization', 'customization capability', 'capability minor']"
557524,[]
559639,"['different charity', 'charity option', 'option client', 'client choose']"
563097,"['take day', 'made capterra', 'capterra xero']"
572892,"['way block', 'block analytics', 'ip address', 'address differentiate', 'differentiate visitor', 'visitor traffic', 'traffic team', 'team monitoring', 'updating page']"
573859,"['option profile', 'log ticket', 'ticket support', 'preferable respond', 'personal linkedin', 'profile comment']"
574606,"['user report', 'report report']"
575567,"['permissioning option', 'authorize member', 'member management', 'management support', 'support team', 'team respond', 'giving access', 'dashboard option', 'option respond', 'respond company']"
579793,"['take parameter', 'clear waste', 'narrow waste', 'nt waste']"
604995,"['miss change', 'saving change', 'change show', 'show update']"
610996,"['side navigation', 'hard find', 'based everything']"
613314,"['business goal', 'goal drive', 'drive traffic', 'comparison tool']"
615952,[]
616298,"['platform lack', 'lack multilanguage', 'multilanguage support', 'oriented software', 'software market', 'global activity', 'writing something', 'language hand', 'credibility reputation', 'reputation score', 'table effords', 'commuincating platform', 'usa market', 'usa software', 'software consumer', 'consumer efford']"
617139,"['feedback customer', 'easier reward', 'redeem reward']"
626776,"['onboarding setup', 'setup simple']"
633169,[]
636315,"['manual integration', 'think customer', 'customer benefit', 'benefit finer', 'filtering criterion', 'validation contact', 'info generation', 'lead generation', 'offering instance', 'last name', 'name phone', 'phone number', 'incomplete lead', 'missing lead']"
637248,"['crowd marketing', 'marketing solution']"
637585,"['different category', 'done traction']"
639746,[]
641705,"['defer marketing', 'marketing director', 'director sale', 'sale customer']"
641731,['everythingi nt']
644918,['platform week']
645373,"['private help', 'help company', 'thank help']"
646011,"['user interface', 'little issue', 'cluttered issue', 'seem issue', 'visual hierarchy', 'difficult report', 'report offer', 'shame chat', 'minor chat', 'chat option', 'common bottom', 'icon bottom', 'several area', 'area site', 'make site', 'site feel', 'cluttered salesy', 'user interface']"
647201,"['expensive startup', 'startup buy', 'used year']"
649497,"['comprehensive list', 'list marketing', 'marketing asset', 'asset way', 'way asset', 'bigger customer', 'library customer', 'serve customer']"
658177,"['looking measure', 'measure roi']"
659355,"['lead capture', 'capture analytics', 'detail example', 'example category', 'category listing', 'generated view']"
663023,"['researching software', 'company name', 'name state']"
665413,"['trial click', 'quality lead']"
673068,"['elicits interaction', 'interaction view']"
673248,"['lack data', 'data connector', 'premium package', 'limited evaluate', 'evaluate customer', 'customer journey', 'journey salesforce', 'crowd result', 'evaluate roi', 'roi goal', 'goal platform', 'platform recommend', 'recommend development', 'development consider', 'introducing support', 'support data', 'data connector', 'connector salesforce', 'salesforce google', 'google analytics', 'adroll customization', 'customization support', 'support profile', 'tailored client', 'client need']"
674289,"['wanted move', 'ass inform', 'inform team', 'team gather', 'gather advice', 'advice others', 'others company']"
680490,"['onboarding process', 'attention detail', 'detail involvement', 'team rarity', 'larger organization', 'organization today']"
682660,"['premium profile', 'profile feature']"
689224,['landing page']
692878,"['email customer', 'email notify', 'notify customer', 'earn gift', 'gift card', 'offered chance', 'chance choose', 'choose date', 'date email', 'day period', 'period opinion', 'space email', 'customer option', 'future send', 'send email', 'email disclaimer', 'forgotdid nt', 'nt realize']"
697959,[]
700634,"['cluttered space', 'space overlistings', 'overlistings product']"
705595,['believe impedes']
708085,"['nt someone', 'intuitive someone', 'answer question']"
713971,"['utilize abm', 'abm functionality', 'quadrant functionality', 'serving offer', 'profile proactive', 'ie proactive', 'based account', 'account list']"
715566,['platform team']
716665,['add experience']
718100,['default category']
722725,['profile system']
728538,"['nt visibility', 'visibility data']"
729104,"['granular data', 'visiting category', 'category navigation', 'little backend', 'confusing backend', 'randomly menu']"
739332,"['looking area', 'area potential', 'potential concern']"
743188,['meter invitation']
747330,[]
747710,"['specific thing', 'thing nt']"
748284,"['think vision', 'vision roadmap', 'broader value', 'value guess', 'difficult part', 'part change', 'change management', 'management side', 'side ie', 'ie team', 'feature information', 'internal sale', 'sale marketing', 'marketing support', 'support product', 'product process']"
749930,['annual revenue']
753884,"['unsure money', 'hoping see']"
753914,[]
756422,"['effectiveness service', 'service area', 'area profile', 'profile service']"
766100,"['manual thing', 'thing account', 'mapping implementation', 'intensive sale', 'sale op', 'andor end', 'end user', 'working way', 'improve work', 'work flow', 'think playbook']"
778182,[]
780657,"['initial performance', 'performance goal', 'lead generation', 'generation brand', 'brand visibility', 'visibility leader', 'grid nt', 'frankly nt', 'lead placement', 'annual contract', 'see activity', 'regular activity', 'effectiveness intent', 'intent program', 'expensive justify', 'difficult justify', 'low cost', 'cost acquisition', 'needed roi']"
803810,"['additional work', 'update integration', 'api integration', 'marketingdisplaysocial platform']"
807569,[]
807808,"['deal sale', 'sale onboarding', 'onboarding process']"
815404,"['used premium', 'premium account', 'feature question']"
846349,"['login process', 'email login', 'login account']"
862086,"['demandgen marketer', 'lead goal', 'hoping see', 'nt doubt', 'broader value', 'value platform', 'exposed visitor', 'visitor data', 'evidence role', 'buying process', 'assign value', 'value roi', 'focused environment', 'established sale', 'sale system']"
877046,"['nt self', 'self service', 'needed support', 'support example', 'example company', 'company bio', 'bio logo', 'nt change']"
879143,[]
879145,[]
879317,"['provided marketshare', 'raw user', 'user data']"
884266,"['select owner', 'owner product', 'figured notification', 'personal email', 'email address', 'linkedin account', 'email account']"
898607,"['buyer intent', 'money name', 'name email', 'email address']"
911743,[]
914854,"['event team', 'team bit', 'valid user', 'user client', 'client event', 'event reason', 'different function']"
946205,"['landing page', 'configure order', 'show customization', 'customization option', 'option ability', 'see view', 'view page']"
953874,"['service bit', 'pricey side']"
977830,[]
990946,"['overall platform', 'take thing', 'practice customer', 'team presence', 'presence europe', 'european marketing', 'big plus']"
1081297,[]
1093460,"['backend interface', 'little bit', 'intuitive possibility', 'possibility rule', 'based customer', 'customer intent', 'intent email']"
1108085,"['nt category', 'category research', 'research team', 'little bit']"
1198532,['crowd experience']
1210139,"['complaint product', 'product staff', 'staff service', 'prize quality', 'date day', 'day post', 'post account', 'nt wig', 'actual software', 'fake news', 'news fake', 'pokemon team', 'crowd catch']"
1239365,"['algorithm prioritize', 'recent nt', 'helpful nt', 'lengthy nt', 'context consideration', 'increase subscription', 'subscription price', 'price year', 'functionality tool', 'tool leverage', 'cost smbs']"
1252607,"['onboarded clarity', 'clarity pricing', 'pricing pricing', 'pricing talk', 'happen lends', 'beginning lends', 'lends confusion']"
1299532,['long way']
1305076,"['pushing account', 'automated advertising', 'advertising campaign', 'programmatic channel', 'done csv', 'csv file', 'solvable zapier', 'using zapier', 'see integration', 'eg outreachio']"
1322855,"['little traffic', 'australianz roi', 'seeing roi']"
1333787,"['feature cram', 'cram denying', 'big improvement', 'improvement tournew', 'tournew tool', 'tool guide', 'starting look', 'bring future']"
1368615,"['visitor traffic', 'traffic reading']"
1369667,"['platform interface', 'intuitive consumer', 'difficult consumer', 'switch consumer', 'consumer view', 'admin view']"
1408916,[]
1419587,[]
1419959,"['easier way', 'way buyer', 'buyer intent', 'intent data', 'data system', 'system salesforce', 'easier abm']"
1444638,"['interestlike tech', 'tech companyin', 'integrated platform', 'remain customer', 'communication call', 'set integration', 'end moment', 'deal breaker', 'small team', 'bootstrapped team', 'team need', 'need bit', 'bit consideration', 'platform team']"
1449362,['working campaign']
1452442,"['biggest hurtle', 'lead integration', 'data way', 'prior buying', 'key feature', 'pinged team', 'little therefore', 'turned experience', 'specific way', 'turn way', 'wanted wait', 'wait week', 'lead api', 'product advancement', 'product continue', 'existing value', 'update nt', 'charged demand', 'demand generation', 'lead generation', 'scoring anything', 'lead way', 'way leverage', 'leverage data', 'data value', 'value boat', 'boat load']"
1482242,"['deeper customization', 'customization work']"
1522203,"['growing company', 'finding way', 'core team', 'helping guide']"
1549356,[]
1579720,"['meeting account', 'account manager', 'onboarding process']"
1595847,"['character requirement', 'requirement cost']"
1663299,['day night']
1666968,"['little staff', 'help staff', 'staff everything', 'everything fall', 'fall place', 'place complaint', 'lead management', 'management screen', 'nt work', 'work lead', 'possible solution', 'customize solution', 'little bit', 'bit suit', 'individual requirement']"
1683784,"['user interface', 'interface application', 'onboarding process']"
1685465,[]
1691819,['encountered anything']
1691839,[]
1706680,['receive formfill']
1709075,"['feature require', 'require plan', 'pricey startup']"
1728103,['overall experience']
1760009,"['customizable product', 'hard product', 'crowd customer', 'valuable show']"
1760163,"['score impact', 'total vendor']"
1793050,"['little pricey', 'compared competitor']"
1872588,"['little star', 'unclear star', 'star tenth', 'tenth star']"
1912208,"['found anything', 'crowd team', 'team product', 'product point']"
1912519,"['tool opportunity', 'offer customizations', 'future customization', 'customization option']"
1922126,"['negative develop', 'improve develop', 'develop implementation']"
1930390,[]
1934479,"['lead traction', 'traction platform', 'big lead', 'platform hope', 'organic channel', 'cap amount', 'extra lead', 'close number', 'number begin']"
1950207,"['complaint tat', 'reply issue', 'issue bit']"
1952916,[]
1953502,['email notification']
1960560,"['minor tech', 'tech hiccup', 'little patience', 'tier data', 'data content', 'content mystifying']"
1967866,"['helpful decrease', 'total number']"
1968850,['found anything']
1992901,"['initial email', 'due email', 'email issue', 'issue end', 'little end']"
2007693,"['limitation profile', 'profile data', 'platform team', 'help data']"
2014260,"['bug reference', 'reference sheet', 'sheet tool', 'talk realm']"
2032398,"['little price', 'center price', 'little price', 'clunky price', 'price performance', 'bit longterm', 'question longterm']"
2066294,"['buyer intent', 'intent notification', 'receive report']"
2077462,['contact detail']
2080920,[]
2090914,"['include customer', 'customer name', 'name list', 'list customer', 'admin account']"
2104489,[]
2134819,"['nt notice', 'notice everything']"
2158700,"['overall way', 'look market', 'market way', 'calculates market', 'market presence', 'grid report', 'report improvement', 'factor number', 'number employee', 'employee revenue', 'web presence', 'hundred product', 'advantage specialist', 'market company', 'microsoft market', 'market presence', 'presence sheer', 'sheer size', 'handful employee']"
2182313,"['landing page', 'response campaign']"
2188856,"['quadrant rating', 'based variety', 'variety factor']"
2202399,[]
2264645,"['management perspective', 'aspect change', 'change flexibility', 'flexibility call', 'page product', 'trial feel', 'potential customer', 'customer offering']"
2277772,"['lead generation', 'generation result', 'low funnel', 'lead generation']"
2280568,"['enterprise tool', 'digest support', 'onboarding team']"
2289204,"['feature till', 'till account', 'account manager', 'reported issue', 'submission failure', 'submit button']"
2310756,"['nt tell', 'tell account', 'account manager', 'little thing', 'bit thing', 'expensive vendor']"
2324242,"['extracting information', 'information lead', 'lead company', 'nt expect']"
2366343,"['issue banner', 'banner badge', 'additional charge', 'charge integration', 'integration platform', 'platform hubspot', 'using platform']"
2506505,"['price point', 'tier prevents', 'upgrade prevents', 'steep prevents', 'making platform', 'export data', 'data profile']"
2589127,[]
2717293,"['customer express', 'express frustration', 'likely error', 'due error', 'email verification', 'coach customer', 'additional step', 'drop list', 'customer unsure']"
2743218,"['platform functionality', 'limited package', 'depending package', 'purchased feature', 'standard operate', 'enhanced package', 'frustrating design', 'design program']"
2765243,"['site broader', 'broader marketing', 'marketing campaign', 'little competitor', 'clunkier competitor']"
2768965,"['actionable nt', 'visibility search', 'search result', 'callcontact center', 'customer prospect', 'prospect leverage', 'leverage buying', 'buying research']"
2769307,"['improving admin', 'room improvement', 'improvement regard', 'link event', 'event campaign']"
2788151,"['small business', 'business value']"
2813032,"['little hiccup', 'profile start']"
2827462,[]
2879335,"['da minha', 'minha experincia', 'algoritmo priorizar', 'priorizar revise', 'revise que', 'nem mais', 'mais teis', 'teis porque', 'considerao contexto', 'contexto processo', 'para campanha', 'uma campanha', 'e canais', 'canais programticos', 'programticos feitos', 'feitos com', 'com arquivos', 'arquivos csv', 'csv ma', 'ma solucionvel', 'usando zapier', 'zapier como', 'como algum', 'algum sendo', 'sendo incorporado', 'incorporado pode', 'pode haver', 'haver mais', 'mais clareza', 'clareza com', 'com o', 'o preos', 'preos e', 'e que', 'que voc', 'voc ganha', 'ganha com', 'com esse', 'esse preo']"
2885687,"['due expectation', 'expectation sale', 'sale thr', 'thr reality', 'onboarding totlaly', 'effort resolve']"
2894468,"['number lead', 'improved translation']"
2909324,"['long anything', 'find anything', 'minor bug', 'bug data', 'sending rep']"
2922654,"['result question', 'question authenticity']"
2943511,"['expensive see', 'see return']"
2976624,"['csm way', 'way share', 'configurable ie', 'ie nt', 'website share', 'proof site']"
2982836,"['buyer intent', 'lead luck', 'nt luck']"
3015707,['onboarding help']
3034110,[]
3064509,"['specific downside', 'energy resource', 'resource commit', 'thought process', 'committed process', 'process advise', 'advise team', 'team point', 'point person', 'person champion', 'champion organization']"
3086303,[]
3116772,[]
3132584,"['tasking process', 'legitimate verify', 'verify customer']"
3132726,"['validation process', 'process bit', 'prior validation', 'sharpen user', 'rejected error', 'error user', 'user validation', 'validated identity', 'email address', 'address validation']"
3133358,"['verification process', 'mysterious thing', 'stepped thing', 'answered question', 'found answer']"
3137866,[]
3149040,[]
3170007,[]
3184436,[]
3184511,[]
3190452,"['improve salesforce', 'salesforce integration', 'efficient information']"
3218910,"['downside moment', 'create platform', 'platform tbd']"
3228275,[]
3245080,[]
3245113,[]
3269303,[]
3291426,"['negative platform', 'platform future']"
3351415,"['website need', 'ui need', 'upgrade need', 'easier need']"
3494481,"['bump term', 'term classify', 'classify company', 'set product', 'delayed thing']"
3520374,"['category category', 'several vendor', 'different offering', 'client show', 'show competitor']"
3554734,"['discover way', 'way tool', 'nonsoftware sale']"
3559841,"['leverage intent', 'intent data']"
3715319,[]
3715345,[]
3715358,[]
3715380,[]
3715404,[]
3716338,[]
3747554,[]
3758942,"['individual profile', 'profile profile', 'expensive product', 'add product', 'product site']"
3795931,[]
3882408,[]
4094631,"['platform start', 'potential step', 'onboarding process', 'process followup', 'followup email']"
4095789,"['last year', 'year anything']"
4096348,"['long take', 'take fill']"
4101759,"['think navigation', 'admin platform', 'whiteboard product', 'product team']"
4104524,"['skeptical cost', 'upfront cost', 'cost marketing', 'plenty investment', 'return investment']"
4139195,"['little company', 'steep company', 'think pay']"
4141337,"['determine roi', 'investing platform', 'platform front', 'front team', 'comparable test', 'test data', 'data share']"
4143891,"['think clarity', 'algorithm determines', 'determines business', 'business category', 'category page', 'page clarity', 'ineligible case']"
4151698,['boarding session']
4166693,[]
4168053,"['onboarding process', 'long contact', 'contact point']"
4168233,"['option gif', 'gif cover', 'cover picture']"
4178531,"['csm sale', 'sale team', 'team platform']"
4194616,"['think reverse', 'reverse ip', 'ip look', 'potential customer', 'customer buyer', 'buyer intent', 'nonlead program', 'generating program', 'program nt', 'select category', 'category brand', 'brand fall', 'fall nt', 'graph category', 'qualify buyer', 'buyer intent', 'intent data']"
4194982,"['market data', 'number category', 'category crossover', 'tangental productssolutions', 'productssolutions buyer', 'buyer intent', 'intent data', 'level detail', 'drop process']"
4208348,['process user']
4212266,"['extra integration', 'integration tool', 'pipedrive crm', 'deal breaker']"
4216528,"['think administration', 'administration site', 'nt heard', 'outline step', 'initial profile']"
4258458,"['couple product', 'product recommendation', 'usage platform', 'taken account']"
4262009,"['platform process', 'onboarding process', 'hard work']"
4343166,"['likenamed product', 'product sort', 'ran issue', 'issue automation', 'external marketing', 'linkedin site', 'site value', 'value product']"
4358025,['platform nt']
4360983,"['intent data', 'product tier', 'tier volume', 'low product', 'product page', 'level intent', 'justify investment', 'investment middle', 'middle tier']"
4366410,"['found place', 'place documentation', 'documentation feature', 'feature nt', 'look imagesexamples', 'dummy data']"
4374917,"['integrating salesforce', 'anticipated development', 'development team', 'step help', 'dealing permission', 'permission issue']"
4378291,[]
4381267,[]
4396413,"['capability bit', 'tackle everything', 'customer relationship', 'relationship manager', 'leveraging platform', 'platform offer']"
4426733,"['handling company', 'company page', 'page oorwin', 'moderation policy', 'stringent thought', 'thought effort', 'rejection rate']"
4443836,['lead opportunity']
4457650,"['cc purchase', 'purchase gift', 'gift card', 'roadmap heard']"
4469517,"['reporting need', 'need improvement', 'helpful roi', 'roi tool', 'salesforce map', 'map buyer', 'buyer intent', 'intent opportunity', 'buyer intent', 'opp lead', 'opp lead', 'lead gen', 'v influence', 'tool retool', 'measure impact', 'buyer intent', 'resource end', 'end configure', 'configure salesforce', 'sfdc connector', 'make pull', 'similar roi', 'roi reporting']"
4494886,[]
4500906,"['buy option', 'option take', 'take advantage']"
4523204,"['market category', 'comparing apple', 'apple orange', 'grid cybersecurity', 'cybersecurity product', 'least security', 'step security', 'peer security', 'insight security', 'security category']"
4533105,[]
4552188,"['transparency criterion', 'used rank', 'rank company', 'company rank', 'rank grid', 'obvious weight', 'weight attribute', 'attribute increase', 'increase decrease', 'decrease company', 'company position']"
4642852,"['integrate intent', 'intent data', 'data something', 'marketo instance']"
4644690,['call point']
4647006,"['using resource', 'resource page']"
4647035,"['marketing solution', 'solution date', 'date collaboration']"
4649676,"['product roadmap', 'roadmap transparency', 'transparency customer', 'customer feedback', 'feedback help', 'drive innovation', 'showcasing customer', 'customer shape']"
4650358,"['multiple profile', 'platform roll', 'prefer roll', 'disjointed way', 'way money']"
4651630,[]
4651812,[]
4652640,"['additional pricing', 'pricing option', 'varying level', 'level content', 'content licensing', 'licensing package']"
4652644,"['nt visibility', 'sort feedback']"
4652662,"['organization inability', 'sfdc connector', 'bad data', 'tough launch']"
4652666,['helping issue']
4652680,"['competitive perspective', 'perspective vendor', 'able rank', 'specific case', 'grid case', 'case vendor', 'create talk', 'dismiss talk', 'talk track', 'track seller', 'seller example', 'example competitor', 'competitor x', 'grid rule', 'specific rule', 'rule vendor', 'follow order', 'order rank', 'grid opinion', 'specific seller']"
4652717,"['nt consult', 'platform consult', 'consult distribute']"
4652795,[]
4652905,"['marketing solution', 'difficult solution', 'solution business', 'account manager', 'manager csm', 'helpful process']"
4654750,"['profile package', 'package pricey', 'aligned business', 'nt engage', 'accountbased marketing', 'business intent', 'intent data', 'lead demand', 'demand generation']"
4654874,"['downside issue', 'make thing', 'put practice']"
4657844,"['paid feature', 'utilize plan', 'fullest team', 'potential team', 'c team', 'team eager', 'onboarding process', 'baby step', 'step roll']"
4657881,"['shared feedback', 'feedback improvement', 'see process']"
4657994,"['grid report', 'little term', 'selective term', 'term category', 'category segment', 'segment place', 'volume report', 'report badge', 'difficult hone', 'hone message', 'message leverage', 'leverage sale', 'sale team', 'key area']"
4658868,"['content license', 'category solution', 'solution fall', 'costprohibitive solution', 'solution fall']"
4659257,"['implement demand', 'smaller demand', 'demand gen', 'gen team', 'expanding effort', 'effort bit', 'difficult account', 'leaned account', 'account team', 'team help', 'nt thing', 'bad thing', 'room grow']"
4659651,"['difficult multifunction', 'multifunction team', 'team manage']"
4659801,[]
4659807,"['nt complaint', 'valued partner']"
4660027,"['quarterly report', 'report methodology', 'additional detail', 'detail explanation']"
4660094,['previous company']
4660291,"['nt anything', 'add everything']"
4660580,"['portion audience', 'audience view', 'view information', 'information skepticism', 'ample information']"
4660815,"['leading saas', 'site view', 'necessary evil', 'need presence', 'money order', 'return number', 'bigger company', 'company customer', 'inherent advantage', 'advantage startup', 'growing company', 'account team', 'seems something', 'something couldshould']"
4660905,"['mind experience', 'marketing solution', 'solution team', 'informative helpful']"
4661548,"['terminus integration', 'integration complexity', 'complexity salesforce', 'salesforce integration']"
4662610,"['profile category', 'complex portfolio', 'embedded solution']"
4662812,"['different user', 'user type', 'type result', 'result company', 'company product', 'grid report', 'report bit', 'different case', 'internal adoption', 'adoption intent', 'intent data', 'data comparison', 'comparison page', 'data hand', 'simple leverage', 'leverage data', 'help customer', 'decision term', 'prospect focus', 'put nurture', 'nurture track']"
4663395,"['easier automate', 'using salesforce']"
4666860,"['intent data', 'marketing program', 'user level', 'level data', 'intent company', 'difficult data', 'put data', 'scalable program']"
4666992,"['amount report', 'report offer', 'dilutes validity', 'prospect sale', 'insight product']"
4667026,"['think anything', 'anything moment']"
4668614,"['email notification', 'nt send', 'send repetitive', 'repetitive alert', 'week company', 'nt miss', 'miss anything', 'personal information', 'nt person', 'insight person', 'little leverage', 'larger outreach', 'net outreach', 'initial outreach', 'outreach nt', 'thing customer', 'feel company', 'choose video', 'information nt', 'left customer', 'false claim', 'verified customer', 'customer make', 'tarnish brand']"
4668834,"['jump mind', 'mind moment', 'moment question', 'question concern', 'prompt helpful', 'helpful c', 'c team']"
4669024,"['actual contact', 'contact info', 'hard person', 'specific person', 'different location']"
4669802,[]
4671079,"['content opportunity', 'fullest potential']"
4671454,['dabbled couple']
4675082,"['thing team', 'team effort', 'solid team', 'internal team', 'create movement', 'movement company']"
4677865,"['enough question', 'form lead']"
4700888,"['content license', 'category product', 'product meaning', 'different product', 'product type', 'type pay', 'group package', 'package company', 'multiple category', 'category making']"
4704116,"['advantage service', 'leveraged everything']"
4705629,"['leaderboard quadrant', 'big promotion', 'went customer', 'customer future', 'future buyer', 'buyer campaign', 'standing marketing', 'marketing manager', 'wrong employee', 'employee count', 'corrected employee', 'employee count', 'lowest spot', 'spot change', 'change number', 'number employee', 'nt clarity', 'provide clarity', 'larger company', 'company logic', 'ridiculous company', 'large mean', 'nt mean', 'specific product', 'smaller company', 'smaller company', 'solve mistake', 'mistake nt', 'found experience', 'disappointing borderline', 'dishonest hear', 'hopeful hear', 'discontinued promotion', 'promotion profile']"
4709094,['current need']
4715099,"['minor challenge', 'backendadmin side', 'support staff']"
4718346,"['difficult touch', 'spend money', 'touch product', 'slow product', 'updating product', 'product profile', 'worked update', 'update profile', 'sent update', 'update listing', 'single batch', 'batch backend', '17th june', 'comparison trustradius', 'central nt', 'weekly work', 'work help', 'gave access', 'asleep wheel', 'wheel sale', 'sale team', 'responsive sale', 'sale experience', 'appalling substandard']"
4730641,"['future integration', 'data crm', 'company product']"
4817941,"['set filter', 'filter competitor', 'competitor andor', 'andor organization', 'organization activitysignals', 'filtering capability', 'platform side', 'recommend help', 'help noise']"
4838956,[]
4934973,"['robust amount', 'moving part', 'part everything', 'everything set']"
4978067,[]
4978333,[]
5008260,['minor issue']
5027867,['looking data']
5046383,[]
5073535,"['customize reference', 'reference page', 'campaign page', 'page bit', 'onbrand company', 'company versus']"
5093431,[]
5148757,[]
5284251,"['pricey let', 'see delivers']"
5306528,"['buyer intent', 'intent data', 'think everything']"
5367011,"['continuous evolution', 'evolution feature', 'leader customer', 'customer feedback', 'product research']"
5429101,"['update feature', 'improve see', 'insight intent', 'intent signal']"
5431886,"['skeptical market', 'market presence', 'quarterly report']"
6545242,"['easier customer', 'customer type', 'type information']"
6669429,"['pricing model', 'nt line', 'looking moment']"
6829459,"['shared team', 'team approach', 'involved helpful']"
6883064,"['nested place', 'hard navigate', 'navigate nt', 'regular basis', 'product category']"
6889183,['position grid']
7037491,"['internal admin', 'admin menu', 'little navigate', 'confusing navigate', 'navigate guess', 'place company', 'category nt', 'relate product', 'product maturity', 'ie number', 'number employee', 'employee company', 'impact product', 'product quality', 'nt product', 'product make']"
7058801,"['hidden instance', 'several instance', 'written client', 'reason case', 'product team', 'team market', 'market presence', 'algorithm bit', 'blurry position', 'influence position', 'questionnaire please', 'lightweight customer', 'difficult customer', 'customer page', 'page questionnaire', 'questionnaire order', 'qualified report', 'screenshot field', 'required field', 'optional client', 'client nt', 'add reason', 'reason reject']"
7058805,"['expensive service', 'service service', 'make value', 'value money', 'cheaper nt']"
7059389,['think moment']
7062706,[]
7062945,"['navigational thing', 'improved bit', 'second thing', 'credit card', 'card receipt', 'receipt bit', 'buy buyer', 'buyer incentive', 'incentive credit', 'credit amazon', 'amazon rep', 'working fixing']"
7063369,"['substantial effort', 'demanding customer']"
7063493,"['monthly news', 'news reel']"
7063733,"['create report', 'report pull', 'daily comms', 'comms csm']"
7063905,['working team']
7063926,"['thing bit', 'hard find']"
7063941,"['admin confusing', 'portal confusing', 'take bit']"
7064218,"['pricing aleays', 'additional cost']"
7064409,"['beneficial version', 'visual version', 'content marketing']"
7064619,"['unaudited meaning', 'competitor nt', 'actual competitor', 'competitor mean', 'irrelevant consumer', 'logged product', 'product admin', 'tricky navigate', 'navigate nt']"
7064728,"['highlight issue', 'issue incentive', 'reimbursed customer', 'customer campain', 'small number', 'resolved team']"
7064784,"['pricing bit', 'steep data', 'intent data', 'data data', 'nt functionality', 'functionality platform', 'platform integration']"
7064817,"['backend navigate', 'little navigate', 'difficult navigate', 'found discovery', 'discovery call', 'little salesperson', 'underwhelming salesperson', 'planning campaign', 'tool take']"
7066989,"['quiet tool', 'nt buying', 'buying stage', 'stage company']"
7067047,"['rank solution', 'solution platform', 'exploiting system']"
7067096,"['specific badge', 'badge category', 'eg leader', 'leader multiple', 'multiple category']"
7068196,"['criterion bit', 'confusing grid', 'displayed grid', 'standing result']"
7069273,"['reliable platform', 'platform customer']"
7072321,"['think shame', 'premium membership', 'membership price', 'steep company', 'smaller company', 'benefit marketing', 'marketing tool']"
7072338,"['find service', 'expensive business', 'small business', 'confusing search', 'search thing']"
7072610,"['encourage client', 'client team', 'involved mission', 'impacted employee', 'employee company', 'valueadded job']"
7072685,"['beginning bit', 'included plan', 'unfamiliar name', 'name platform', 'platform feature', 'disadvantage manager', 'recommend level', 'pro level', 'invest bit', 'admin panel']"
7072879,"['developing project', 'project everyone', 'responsive doubt', 'side doubt', 'doubt leverage', 'leverage presence', 'demonstrate value', 'value profit']"
7073088,"['minor tweak', 'ui tweak', 'subjective nt', 'nt anything', 'bit trial', 'license upgrade']"
7073246,"['matter fr', 'e customer', 'think work', 'badge position', 'position grid', 'uki customer']"
7073313,"['platform gathering', 'strict process', 'longer share', 'user share', 'share feedback']"
7074636,[]
7074644,"['random page', 'created product', 'unadopted customer', 'whicht impact', 'impact search', 'search result']"
7074664,"['believe price', 'price report', 'expensive subscription']"
7074680,"['little uncertainty', 'uncertainty report', 'display head', 'head comms', 'comms deadline', 'deadline helpful']"
7074781,"['browsed competitor', 'actual buyer']"
7074942,"['serious trouble', 'running campaign']"
7074955,"['expected project', 'investing project', 'project crosscompany', 'crosscompany effort', 'want invest', 'started system', 'system work']"
7075152,"['expanding way', 'collect leverage']"
7075421,"['paid plan', 'little platform', 'pricey platform']"
7075437,['run analysis']
7075609,"['expensive value', 'value insane']"
7075907,"['dedicated csm', 'returned clarification']"
7076101,['le moment']
7076443,['different language']
7076486,['form fill']
7076762,"['taxing create', 'create maintain', 'limited resource']"
7078535,"['connect buyer', 'intent slack', 'signal slack']"
7078670,[]
7078880,"['expensive company', 'smaller company']"
7078899,[]
7079133,[]
7079149,"['customize page', 'describe process', 'process bit', 'bit person']"
7079155,"['customize page', 'page information']"
7079267,"['backend quirk', 'ui quirk', 'list way', 'scrolling way', 'expect button']"
7079550,[]
7079715,"['company profile', 'profile page', 'little bug', 'customizable bug', 'bug fan', 'fan discussion', 'discussion section', 'section nto', 'allowed curate', 'curate faq']"
7079902,"['specific info', 'serious info', 'extra info']"
7080431,"['price increase', 'increase renewal', 'difficult customer', 'due customer', 'regular pushback', 'pushback customer', 'due length', 'requirement length', 'length questionnaire', 'screenshot aspect', 'shame badge', 'awarded software', 'software provider', 'alongside provider', 'provider profile', 'profile software', 'category list', 'extra kudos', 'kudos profile']"
7081358,"['custom report', 'dashboard report', 'asking customer']"
7082855,"['customisation option', 'option help', 'keep onbrand', 'embedding website']"
7083067,"['sticking point', 'point customer']"
7083716,"['improved experience', 'upon experience', 'availability offering', 'based price', 'price point', 'point opinion', 'investment investment', 'believe access', 'access portion', 'portion tool']"
7083898,[]
7083920,"['factor decision', 'premium offering']"
7083999,"['small glitch', 'glitch dashboard', 'account manager', 'nt help', 'think anything']"
7084247,['place website']
7084839,"['swap team', 'change account', 'account manager', 'overall end', 'tend end', 'account manager']"
7085804,"['website structure', 'little bit']"
7085865,"['technical challenge', 'integrationsrelated challenge', 'challenge require', 'require escalation', 'sync online', 'lack online', 'sufficient online', 'online documentation', 'practice andor', 'andor case', 'case study', 'specific case', 'involving hubspot', 'hubspot buyer', 'buyer intent', 'intent integration']"
7085983,"['see downside', 'platform result']"
7086011,"['unusable admin', 'mobile admin', 'logged admin', 'admin mode']"
7086145,"['trial buyer', 'buyer intent', 'intent tool', 'nt tool', 'beneficial tool', 'similar tool']"
7086161,"['metric overview', 'overview performance', 'performance category', 'view data', 'comparative report', 'buildyourown report', 'report feature']"
7086404,"['platform work', 'missing piece', 'affecting product', 'product performance', 'performance example', 'online presence', 'quarter etc']"
7086454,"['thing dont', 'dont link', 'link fact', 'fact chance', 'chance edit', 'edit question', 'user send', 'answer question']"
7086793,"['account manager', 'difficult build', 'build relationship', 'stable communication', 'current manager']"
7090019,"['find data', 'fro team', 'c team']"
7091647,[]
7091664,"['anything tool', 'tool change', 'managementrelated issue', 'running support']"
7091704,"['longer moderation', 'past moderation', 'public platform', 'platform offer', 'marketing promotion', 'promotion opportunity', 'necessary level', 'level platform', 'define priority', 'additional resource', 'resource startup', 'startup size', 'size stage', 'stage team', 'team allocate', 'allocate platform']"
7091989,"['improve work', 'work system']"
7092108,[]
7092306,"['see person', 'person role', 'role person', 'looking product']"
7092514,"['hard increase', 'increase usability', 'usability everything', 'everything platform']"
7092927,"['restriction content', 'related licensing']"
7093183,[]
7094073,"['mind marketing', 'marketing solution', 'marketing material', 'material customer', 'customer express', 'thing guess', 'nt change', 'want change']"
7094503,"['algorithm change', 'grid change', 'ranking change', 'difficult track', 'keep track', 'track thing', 'thing perform', 'csm team', 'keeping date', 'change thing', 'ability control', 'control datanew', 'datanew account', 'account move', 'move hubspot', 'hubspot integration', 'current shape', 'shape integration', 'integration bit']"
7094620,"['nt mention', 'mention anything', 'team support', 'answer question']"
7094728,['marketing solution']
7094730,['mind functionality']
7095067,"['translate traffic', 'traffic company', 'company website']"
7095107,[]
7095413,"['specific appreciate', 'integrability salescustomer', 'tech stack', 'stack connector', 'manual mapping', 'mapping contact']"
7095432,"['take age', 'age impatient']"
7097274,"['room context', 'context lead']"
7098976,[]
7099064,"['market presence', 'emphasis number', 'number employee', 'employee company', 'quality product', 'product service', 'contrary company', 'small company', 'fewer employee', 'big company']"
7102303,"['paid version', 'enthusiasm company', 'company example', 'nt see', 'concerning intent', 'intent data', 'paid promotion', 'promotion ad', 'ad category', 'spot competitor', 'nt experience', 'nt traffic']"
7102644,"['intent data', 'irrelevant number', 'seems number', 'number issue', 'past month', 'several month', 'month dashboard', 'dashboard nt', 'nt work', 'inconsistent data', 'icpvertical data', 'provides data', 'irrelevant company', 'company cause', 'cause issue', 'abm strategy', 'customer successrelationship', 'successrelationship team', 'unhelpful platform', 'litle platform', 'promise issue', 'follow issue', 'relationship manager']"
7102873,[]
7102916,['moderated week']
7103000,"['calculates market', 'market presence', 'scoring bit', 'blurry position', 'influence position', 'grid score', 'score position', 'grid day', 'vary day', 'day day']"
7103886,"['hard revenue', 'attribute revenue', 'revenue product', 'product company', 'believe make', 'make sense', 'holistic marketing', 'marketing approach']"
7105388,['communicating delivers']
7106973,[]
7108353,"['tricky sense', 'larger organisation', 'benefit area', 'impact area', 'area business', 'reflected case', 'minimal presence']"
7115139,"['support team', 'slow respond', 'received response', 'response relationship', 'relationship manager', 'way something', 'actioned category', 'meet criterion', 'included report', 'missing benefit']"
7115164,['way product']
7115898,"['pricing pricy', 'pricy nt', 'lacking capacity']"
7118969,['future project']
7119054,"['clumsy product', 'ranking system', 'data date', 'date request', 'request update', 'specialist work', 'annoying robot', 'robot assistant', 'assistant vendor', 'vendor account', 'account pop']"
7123216,['market presence']
7123829,"['overall marketing', 'marketing presence', 'presence score']"
7124004,"['content result', 'result possibility', 'object decision', 'decision moderation', 'moderation team', 'transparent company']"
7124166,"['different service', 'refine category']"
7124716,"['lead generation', 'generation opportunity']"
7127190,"['start buyer', 'buyer intent', 'intent data', 'nonexistent part', 'big part', 'part lead', 'lead generation', 'generation strategy', 'strategy visibility', 'visibility visit', 'visit profile', 'server error', 'using site', 'daily customer', 'minimum help', 'resolve issue']"
7127589,"['upload screendump', 'order place']"
7127746,"['missing level', 'level experience', 'specific product']"
7127812,"['possibility list', 'list product', 'supported category']"
7132388,"['think value', 'value discussion', 'discussion section', 'section vendor', 'vendor perspective', 'category match', 'nt match', 'match software', 'tool category', 'category competitor', 'overlapping feature']"
7136979,"['paid package', 'costly europe', 'firm europe', 'central europe', 'usefulness feature']"
7138811,"['hard incentivize', 'difficult access', 'find bit']"
7141227,[]
7145880,"['additional feature', 'nt comment', 'aspect clearer', 'ui clearer', 'clearer picky']"
7145951,"['guarantee product', 'product position']"
7146576,['premium package']
7146882,"['longer find', 'tricky find', 'anonymous customer', 'specific customer']"
7147074,"['vague reason', 'reason reconsideration', 'approval procesess']"
7147296,"['tracking link', 'link result']"
7147369,['subject moment']
7148208,"['capability demand', 'corresponding csm', 'longer comparison', 'comparison tool', 'eg campaign', 'campaign setup', 'charging account']"
7150345,"['way matter', 'matter grid', 'saas service', 'service leader', 'quadrant spot', 'spot challenge', 'saas service', 'service niche', 'niche product', 'product offering', 'offering service', 'service expertise', 'difficult maintain', 'maintain climb', 'user company']"
7150530,"['user interface', 'hard tab', 'hard report', 'click report', 'find report', 'opened day']"
7151560,"['unclear algorithm', 'algorithm market', 'market presence', 'category ranking']"
7151733,"['pricey startup', 'startup offering']"
7153589,"['complain everything', 'everything look', 'implementation til']"
7154141,['currency future']
7155408,[]
7160931,[]
7164670,"['small company', 'difficult emphasis', 'big emphasis', 'emphasis number', 'included report']"
7166899,['account rep']
7166918,[]
7167020,"['nt customer', 'implemented customer', 'customer support', 'support team']"
7167021,"['difficult track', 'influence deal', 'deal data', 'helpful react']"
7167708,"['easier form', 'overall tool']"
7167737,"['way market', 'market presence', 'presence score', 'calculated work', 'work work', 'work work', 'value buyer', 'buyer intent', 'intent result', 'generic cost']"
7169142,"['online site', 'site ton', 'helpful information', 'information menu', 'menu navigation', 'navigation name', 'name submenu', 'easiest log', 'navigate log', 'take bit']"
7184476,['hesitant share']
7184797,"['layout structure', 'structure information', 'information admin', 'admin section', 'clarity quicker', 'quicker access']"
7185301,"['campaign gift', 'gift card', 'card bonus', 'nt work']"
7186446,"['overall tool', 'limitation information', 'pushed platform', 'platform hubspot', 'improvement work']"
7186453,"['qualified lead', 'profile nt', 'nt convert']"
7186990,['spring mind']
7187666,"['nt downside', 'using fraction', 'fraction tool', 'problem end', 'tool way', 'confusing way']"
7197276,"['business rank', 'rank catagories', 'match comparison', 'apple apple', 'apple skews']"
7197462,"['geobased see', 'filtering see', 'see service', 'service availability', 'location pricing', 'pricing conversion']"
7198406,"['nt something', 'specific criterion', 'regarding category', 'see competitor', 'category impact', 'impact analytics']"
7202115,"['take bit', 'utilize tool', 'tool team']"
7202127,[]
7202206,['think anything']
7204896,['think moment']
7206440,['set campaign']
7207945,"['process datacontact', 'datacontact submission']"
7208348,"['negative allocation', 'allocation fund', 'fund landing', 'landing page', 'intuitive someone', 'miss fact', 'fact fund']"
7208357,"['admin panel', 'bug problem', 'remain month']"
7208547,"['month period', 'period partner', 'nt count', 'count report', 'report release']"
7208637,"['downside marketing', 'marketing solution', 'need create', 'create account', 'questionnaire bit']"
7208750,['difficult pay']
7208760,"['entire quarter', 'solution team', 'team support', 'stage building', 'plenty reason', 'continue building', 'building relationship']"
7209240,"['personal dashboard', 'ux nt', 'intuitive nt', 'learn navigate']"
7209545,"['workflow take', 'set client']"
7212456,"['intent data', 'category le', 'fewer visit', 'visit intent', 'intent data']"
7216281,"['bit pricy', 'lead gen', 'gen option', 'option need']"
7216383,"['think thing', 'tracking link', 'link team', 'team everything']"
7222391,[]
7223916,"['helpful help', 'looking help']"
7225052,"['want way', 'way segment', 'segment data', 'data buyer', 'buyer intent', 'intent signalsnotifications', 'tag thing', 'thing b2b', 'b2b b2c', 'move segmenting', 'segmenting data']"
7230213,"['nt mention', 'mention anything', 'minor issue', 'ux issue', 'web dashboard', 'dashboard nt']"
7231459,"['see algorithm', 'grid report', 'market presence', 'happening market', 'data point', 'point report']"
7231613,['tool ask']
7232546,[]
7241622,[]
7242063,"['client bit', 'change way', 'ask question']"
7242863,['short amount']
7243072,"['paid campaign', 'depth insight', 'visiting page']"
7244261,['impossible professional']
7248049,"['fact data', 'small campaign', 'used campaign']"
7250148,[]
7250291,['nt anything']
7250570,"['think anything', 'solid platform', 'platform round']"
7251300,['moderated week']
7252472,"['scope platform', 'nt information', 'mean information', 'different area', 'area platform']"
7254833,[]
7255648,['reducing frequency']
7258203,"['expensive buyer', 'buyer intent', 'intent data']"
7261477,"['tie place', 'multiple place', 'place position', 'difficult create', 'create marketing', 'marketing strategy']"
7261546,"['business plan', 'plan price', 'price bit', 'complex customer', 'beginning customer', 'explaining follow']"
7261646,"['user interface', 'find thing', 'frontend backend', 'backend need', 'need improvement']"
7261693,"['transparency category', 'category helpful']"
7262262,"['invitation campaign', 'file customer', 'customer list', 'advance price', 'price content', 'content package', 'package bit', 'company need']"
7262328,[]
7262558,"['inform customer', 'little fault', 'else fault', 'fault platform']"
7263429,"['profile page', 'page way', 'audience company']"
7263668,"['bit program', 'overhead program', 'running program', 'program profile']"
7263808,"['nt complaint', 'complaint mark', 'mark henry', 'helpful feature', 'grip feature']"
7263820,"['teething issue', 'hard track', 'track lead', 'buyer intent', 'indicative inmarket', 'inmarket opportunity']"
7263821,[]
7263845,"['process end', 'end customer', 'customer submit', 'lengthy contract', 'offputting contract', 'side thing', 'complex benefit', 'need benefit']"
7264830,['think functionality']
7267210,[]
7267298,[]
7268013,['mind service']
7268236,['want make']
7268834,"['extract data', 'current plan']"
7268902,"['nt anything', 'platform thing', 'insight buyer', 'buyer intent', 'intent feature', 'extra cost']"
7269064,[]
7269533,"['intent data', 'data zoominfo', 'requires package']"
7269608,['make site']
7274157,"['small improvement', 'admin site', 'nt challenge', 'saas company']"
7274761,"['buyer intent', 'intent data', 'data salesforce', 'salesforce integration', 'integration nt', 'nt work']"
7283030,"['option edit', 'edit information', 'information company']"
7283672,"['cant anything', 'think anything']"
7286167,[]
7296379,"['user mention', 'mention name', 'send notification', 'improve prefer', 'prefer reach', 'plan case', 'mitigation plan', 'generate link', 'personal link', 'csm jatin', 'jatin chaudhari', 'scheduled report']"
7298599,[]
7327661,"['deadline award', 'small medium', 'medium business', 'short amount']"
7333501,"['lose traction', 'traction competitor', 'nt ton', 'add ton', 'incremental value', 'value marketing', 'marketing activity']"
7441446,[]
7441467,['salesforce appexchange']
7441640,"['nt anything', 'negative experience']"
7450059,"['nt insight', 'helpful insight', 'insight competition']"
7450826,"['provide bit', 'context extent', 'extent transparency']"
7451385,"['transparency thing', 'calculated everything', 'public thing', 'create strategy']"
7456035,"['le desire', 'desire game', 'game system', 'feel position', 'position grid', 'algorithm nt', 'representation market', 'market share', 'share perception', 'algorithm profile', 'potential profile']"
7456185,"['difficult buyer', 'buyer intent', 'intent data', 'data integration', 'running support', 'support team', 'walk question', 'question everything', 'responsive regard', 'customize campaign', 'campaign email', 'sending campaign', 'campaign end', 'global company', 'company difficulty', 'difficulty customer', 'trust site', 'site visibility']"
7483181,['bug adminui']
7771175,"['standardized process', 'process business', 'specific deal', 'deal size', 'size sale', 'sale cycle', 'internal capacity', 'capacity etc']"
7771382,"['based company', 'company base', 'individual base']"
7790878,"['portal page', 'little page', 'slow page', 'becaus page', 'graphical page', 'required design']"
7853817,"['expensive cost', 'believe cost', 'make sense']"
7880060,"['need support', 'receive solution']"
7929995,"['cover wider', 'wider range', 'range software', 'confuse feedback', 'decision trustworthy', 'trustworthy software']"
7940827,"['marketing solution', 'solution website', 'overall everything']"
7971836,"['correct solution', 'nt something']"
8101866,"['system rate', 'rate score', 'score nt', 'make sense', 'sense user', 'nt tell']"
8106901,[]
8188707,"['platform allinone', 'allinone marketing', 'marketing solution', 'lesser downside', 'delete option', 'feasible selection']"
8225997,"['affordable pricing', 'pricing plan']"
8562297,"['negative mention', 'freedom discover', 'wide variety', 'variety product', 'informed decision']"
8574413,"['grid report', 'make bit', 'exclusive report', 'difficult report']"
8574629,[]
8578291,"['imbed sale', 'sale process']"
8578792,"['ability integrate', 'integrate cam', 'cam intent', 'intent data']"
8579454,"['used brazil', 'brazil therefore', 'nt work']"
8586464,[]
8638518,"['ranking buyer', 'buyer intent', 'intent integration', 'integration hubspot']"
8709447,"['inital amount', 'begin lakh', 'lakh rupee', 'small startup']"
8791821,"['extensive take', 'thing work', 'advantage feature', 'analytics bit', 'bit mystery']"
8808059,"['listing company', 'company category']"
8974453,"['setting bar', 'bar peer']"
8975098,['badge report']
8975292,"['rejected appeal', 'appeal process', 'process way', 'way company']"
8975296,[]
8975333,"['moderation process', 'rejected process', 'lengthy annoying', 'overall annoying']"
8975344,"['janky write', 'write justify', 'justify category', 'explain category', 'nt category', 'underneath category', 'needed explain', 'explain longform', 'identified competitor', 'category monty', 'talking monty', 'recognize product', 'product category', 'provided page', 'unrelated market', 'market segment', 'nt access', 'structured database', 'database information', 'lack company', 'company category', 'initial traction', 'signed contract', 'someone nt', 'user brand', 'pageviews tell', 'tell folk', 'subscribed brand', 'brand push', 'updated information', 'passing interest']"
9004930,"['platform excels', 'identifying purchase', 'purchase intent', 'valuable decision', 'insight decision', 'strategic decision']"
9043231,"['responsive question', 'question concern']"
9078668,"['call feature', 'eg granularity', 'granularity slack', 'slack notification', 'essential slack', 'slack notification']"
9122785,"['sort question', 'question concern']"
9144432,[]
9144447,['functionality uncover']
9144460,"['due structure', 'organizational structure', 'structure priority', 'content integration', 'paying subscription', 'subscription fee', 'challeging justify', 'justify expense']"
9144490,"['team spend', 'game changer']"
9144588,"['market presence', 'reporting need', 'intent audience', 'audience add', 'esential subscription']"
9144698,"['want promote', 'promote performance', 'difficult spend', 'additional spend', 'spend content', 'content subscription']"
9144746,"['productbased approach', 'pose challenge', 'challenge business', 'multiple product', 'product customer', 'overarching brand', 'specific product', 'individual product']"
9144750,"['different piece', 'piece manage']"
9144777,"['product ecosystem', 'experience limitation', 'multiple product', 'product page', 'depending subscription', 'category nt', 'product offer', 'poorly position', 'position company', 'ai product', 'product tool', 'tool emerge', 'keep pace', 'corresponding category']"
9144853,"['expensive access', 'hard measure', 'measure roi']"
9144919,"['grid report', 'paid content', 'content subscription']"
9145252,['found disadvantage']
9147709,"['challange grow', 'requires investment', 'presence platform']"
9148570,"['simpleness question', 'quality feedback', 'response customer']"
9148665,"['way capture', 'additonal lead', 'lead platform', 'ie ppc', 'ppc program']"
9148789,[]
9149151,"['volume recency', 'emphasis quality', 'content marketing', 'marketing team', 'difficult marketer', 'strike balance', 'quality quantity', 'quantity respond', 'taking advantage', 'offer marketing', 'marketing team', 'team today']"
9149175,"['hard find', 'somewhere fall', 'short thing', 'marketing asset', 'asset vendor', 'portal html', 'embed code', 'jpeg reach', 'form reach', 'reach csm']"
9150722,"['put effort', 'effort result']"
9150803,['program run']
9151555,"['downside investment', 'ton value']"
9154233,"['compared platform', 'lead generation', 'generation campaign']"
9154843,['control question']
9155545,"['learn feature', 'feature utizile']"
9156674,"['suite profile', 'profile badge', 'grid promote']"
9159026,"['downside experience', 'competitor category', 'robust report', 'marketing piece']"
9160066,"['biggest concern', 'lead rate', 'converting rate', 'rate convert', 'convert pity', 'modulated strategy', 'strategy hope', 'hope trend', 'trend stay']"
9160299,"['enough granularity', 'signal ie', 'ie property', 'commercial property', 'property management']"
9160307,['robust platform']
9160324,"['approval process', 'process bit', 'rigid appreciate', 'appreciate ability', 'end peer', 'peer insight', 'insight platform']"
9162053,"['see company', 'company feature', 'position category', 'category league', 'table eg', 'portal eg', 'ranked company']"
9163770,"['le quality', 'quality authenticity']"
9167134,"['thing note', 'enough weight']"
9169312,"['integration capability', 'essential subscription', 'tier subscription']"
9171341,"['thing nt', 'lead nt']"
9171464,"['difficult badge', 'content badge', 'quarterly badge', 'update badge', 'biannual badge', 'badge release', 'release calendar']"
9171749,"['unfortunate bit', 'guite bit', 'bad actor', 'actor slip', 'ur experience', 'granted experience', 'bad actor', 'actor vendor', 'incentivized ask']"
9171769,"['current downside', 'downside admin', 'larger marketing', 'marketing team', 'smaller run', 'run issue']"
9171780,"['marketing solution', 'solution marketing', 'marketing technique', 'nt meet', 'meet goal']"
9172342,"['different incentive', 'incentive option', 'donation pubsec', 'finserv client', 'strict guideline', 'accepting gift']"
9172398,[]
9174518,[]
9174796,[]
9175382,"['believe limitation', 'due privacy', 'privacy consideration', 'consideration contactlevel', 'preferable list', 'accountlevelcompany list', 'level buying', 'buying activity', 'activity intent', 'customize ie', 'ie x', 'x visit', 'x visit', 'least number', 'number product', 'profile category']"
9175413,[]
9176043,[]
9179611,"['productcompany presence', 'presence market']"
9181351,[]
9181442,"['thing feel', 'helpful process', 'easier process', 'client nt', 'want sign', 'sign create', 'create account', 'account issue']"
9181554,"['organization campaign', 'le product', 'impactful product', 'nt category', 'defined category', 'difficult rise', 'rise noise', 'noise broader', 'broader category']"
9181559,['taking advantage']
9181846,"['marketing solution', 'pick category', 'category product', 'product fall']"
9182339,"['identified experience', 'marketing solution']"
9182540,"['le product', 'strict product', 'lighter side', 'side content', 'content perspective']"
9182583,[]
9185072,['recommend everyone']
9186298,[]
9187672,['encountered anything']
9194957,"['easier way', 'way export', 'csv question', 'question overview']"
9202903,"['stronger management', 'senior management', 'management leadership', 'leadership organization', 'organization capture', 'capture voice']"
9207335,"['biggest downside', 'nonsubscribed product', 'skews rating', 'annual option', 'biannual option', 'option vendor', 'vendor load', 'load fund', 'fund adhoc', 'collection campaign', 'vendor pay', 'entire subscription', 'sourcing campaign', 'nt quality', 'highest quality', 'simple middle', 'middle ground', 'ground intricateness', 'tech issue', 'vendor switching', 'portal switching', 'subscribed product', 'nonsubscribed product', 'subscribed product', 'subscribed product', 'product info', 'begin display', 'nonsubscribed product', 'refresh page', 'page navigate', 'subscribed product', 'view resume']"
9228440,"['deeper insight', 'competitive analysis', 'compring page', 'page rank']"
9232379,"['potential downside', 'downside cost', 'cost service', 'concern business', 'return investment', 'initial investment']"
9232595,"['nt something', 'find something']"
9237121,"['lead generation', 'generation option', 'heard colleague']"
9237137,"['hard navigate', 'expensive marketer', 'small business', 'business startup', 'product service', 'convert lead', 'paying customer', 'different expectation', 'competitive stand', 'software vendor', 'market solution', 'ranking rating']"
9237564,"['solution la', 'la carte', 'carte versus', 'tier gain', 'gain access', 'access solution']"
9239420,[]
9239658,['marketing solution']
9246899,"['update creation', 'creation filter', 'filter data']"
9308289,"['american search', 'giant search', 'technical approach', 'harder user', 'le familiarity', 'familiarity business', 'business software']"
9460993,['appreciate tool']
9473115,"['nt mention', 'finish recommendation', 'tiny thing', 'little thing', 'change company', 'company description']"
9473651,"['paid software', 'ask question', 'make field']"
